ten_san_pham,gia_ban,gia_ban_so,gia_goc,gia_goc_so,link,hinh_anh,danh_muc,thoi_gian_cao,thong_so
Điện thoại iPhone 12 Nhật Bản (Mới 100%),11.650.000 ₫,11650000,13.950.000₫,13950000,https://mobilecity.vn/apple/iphone-12.html,https://cdn.mobilecity.vn/mobilecity-vn/images/2022/03/iphone-12-chinh-hang-blue.jpg.webp,iPhone Chính hãng,2026-04-27 11:46:44,"Màn hình: Super Retina XDR OLED, HDR10, Dolby Vision 6.1 inches, Full HD+ (1170 x 2532 pixels) Thủy tinh gốm chống xước, lớp phủ oleophobic True-tone | Hệ điều hành: iOS 14.1, có thể nâng lên iOS 15.3 | Camera sau: 12 MP, f/1.góc rộng), dual pixel PDAF, OIS 12 MP, f/2.4, 120˚ (góc siêu rộng) Quay phim: 4K@24/30/60fps, 1080p@30/60/120/240fps, HDR, Dolby Vision HDR (lên đến 30fps) | Camera trước: 12 MP, f/2.2 (góc rộng) SL 3D (đo độ sâu/sinh trắc học) Quay phim: 4K@24/30/60fps, 1080p@30/60/120fps, gyro-EIS | Bộ nhớ trong: 64-256GB | Thẻ SIM: 2 SIM | Dung lượng pin: Li-Ion 2815 mAh Sạc nhanh 20W, 100% pin trong 60 phút (Quảng cáo) USB Power Delivery 2.0 Sạc không dây Magsafe 15W Sạc không dây Qi 7.5W | Thiết kế: Khung nhôm + Hai mặt kính"
Điện thoại iPhone 12 CPO Quốc tế (Mới 100%),11.650.000 ₫,11650000,13.950.000₫,13950000,https://mobilecity.vn/dien-thoai/iphone-12-cpo.html,https://cdn.mobilecity.vn/mobilecity-vn/images/2022/07/iphone-12-cpo-tim.jpg.webp,iPhone Chính hãng,2026-04-27 11:46:44,"Màn hình: Super Retina XDR OLED, HDR10, Dolby Vision, 625 nits (HBM), 1200 nits (tối đa) 6.1 inches, Full HD+ (1170 x 2532 pixels), tỷ lệ 19.5:9 Thủy tinh gốm chống xước, phủ oleophobic Gamut màu rộng True-tone | Hệ điều hành: iOS 15.5 | Camera sau: 12 MP, f/1.6, 26mm (góc rộng), dual pixel PDAF, OIS 12 MP, f/2.4, 13mm, 120˚ (góc siêu rộng) Quay phim: 4K@24/30/60fps, 1080p@30/60/120/240fps, HDR, Dolby Vision HDR (lên tới 30fps), thu âm stereo | Camera trước: 12 MP, f/2.2, 23mm (góc rộng) SL 3D, (độ sâu/cảm biến sinh trắc học) Quay phim: 4K @ 24/30/60fps, 1080p @ 30/60/120fps, con quay hồi chuyển EIS | Bộ nhớ trong: 64-256GB, NVMe | Thẻ SIM: 1 SIM (Nano-SIM/eSIM) hoặc 2 SIM (Nano-SIM, 2 chế độ chờ) - Bản Trung Quốc | Dung lượng pin: Li-Ion 2815 mAh Sạc nhanh 20W, 50% trong 30 phút Sạc không dây MagSafe 15W Sạc ngược không dây Qi 7.5W | Thiết kế: Khung kim loại + Mặt lưng kính"
Điện thoại iPhone 16e Chính hãng VN/A,12.950.000 ₫,12950000,,0,https://mobilecity.vn/dien-thoai/iphone-16e-apple-a18.html,https://cdn.mobilecity.vn/mobilecity-vn/images/2025/02/iphone-16e-trang.jpg.webp,iPhone Chính hãng,2026-04-27 11:46:44,"Màn hình: Super Retina XDR OLED, HDR10, 800 nits (HBM), 1200 nits (peak) 6.1 inches, 1.5K (1170 x 2532 pixels) Tỷ lệ 19.5:9, mật độ điểm ảnh ~457 ppi | Hệ điều hành: iOS 18.4 | Camera sau: 48 MP, f/1.6, 26mm (góc rộng), PDAF, OIS Quay phim: 4K@24/25/30/60fps, 1080p@25/30/60/120/240fps, HDR, OIS, stereo sound rec. | Camera trước: 12 MP, f/1.9 (góc rộng) SL 3D, (độ sâu/sinh trắc học) Quay phim: 4K@24/25/30/60fps, 1080p@25/30/60/120fps, HDR | Bộ nhớ trong: 128-512GB | Thẻ SIM: Nano SIM + eSIM | Dung lượng pin: Li-Ion 4005 mAh Sạc nhanh (dây) >20W Sạc không dây (Qi) 7.5W | Thiết kế: Khung nhôm phẳng 2 mặt kính cường lực phẳng (Ceramic Shield) Kháng nước, bụi IP68 (dưới 6m trong 30 phút)"
Điện thoại iPhone SE 4 (Camera 48MP),12.950.000 ₫,12950000,,0,https://mobilecity.vn/dien-thoai/iphone-se-4.html,https://cdn.mobilecity.vn/mobilecity-vn/images/2024/12/apple-iphone-se-2025-ro-ri.jpg.webp,iPhone Chính hãng,2026-04-27 11:46:44,"Màn hình: Super Retina XDR OLED, HDR10, Dolby Vision, 800 nits (typ), 2000 nits (peak) 6.1 inches, 1.5K (1170 x 2532 pixels) | Hệ điều hành: iOS 18 | Camera sau: 48 MP (góc rộng), dual pixel PDAF, sensor-shift OIS Quay phim: 4K, 1080p | Camera trước: 12 MP (góc rộng) Quay phim: 4K, 1080p | Bộ nhớ trong: 128-512GB | Thẻ SIM: Nano SIM + eSIM | Dung lượng pin: Đang cập nhật | Thiết kế: Khung nhựa phẳng Mặt lưng phẳng (kính) Màn hình Dynamic Island (phẳng) Bảo mật Face ID)"
Điện thoại iPhone 15 Chính hãng VN/A,15.450.000 ₫,15450000,,0,https://mobilecity.vn/dien-thoai/iphone-15-chinh-hang-nho-gon.html,https://cdn.mobilecity.vn/mobilecity-vn/images/2023/09/iphone-15-hong.jpg.webp,iPhone Chính hãng,2026-04-27 11:46:44,"Màn hình: Super Retina XDR OLED, HDR10, Dolby Vision, 1000 nits (HBM), 2000 nits (tối đa) 6.1 inches, 1179 x 2556 pixels, tỷ lệ 19.5:9 Mật độ điểm ảnh ~461 ppi Ceramic Shield glass | Hệ điều hành: iOS 17 | Camera sau: 48 MP, f/1.6, 26mm (góc rộng), dual pixel PDAF, sensor-shift OIS 12 MP, f/2.4, 13mm, 120˚ (góc siêu rộng) Quay phim: 4K@24/25/30/60fps, 1080p@25/30/60/120/240fps, HDR, Dolby Vision HDR (up to 60fps), Cinematic mode (4K@30fps), stereo sound rec. | Camera trước: 12 MP, f/1.9, 23mm (góc rộng), PDAF SL 3D (độ sâu/sinh trắc học) HDR, Cinematic mode (4K@30fps) Quay phim: 4K@24/25/30/60fps, 1080p@25/30/60/120fps, gyro-EIS | Bộ nhớ trong: 128-512GB, NVMe | Thẻ SIM: Nano SIM và eSIM (Quốc tế) Chỉ eSIM (bản Mỹ) 2 SIM,Nano SIM (Trung Quốc) | Dung lượng pin: Li-Ion x mAh Sạc nhanh 50% trong 30 ph (QC) Sạc không dây (MagSafe) 15W Sạc không dây (Qi) 7.5W | Thiết kế: Khung nhôm vuông vức Kính sau Corning-made Kính trước Ceramic Shield Thiết kế màn hình Dynamic Island Kháng nước, bụi IP68"
"Điện thoại iPhone 13 Chính hãng VN/A (128GB, 256GB, 512GB)",17.450.000 ₫,17450000,21.950.000₫,21950000,https://mobilecity.vn/apple/iphone-13-chinh-hang-vn-a.html,https://cdn.mobilecity.vn/mobilecity-vn/images/2021/10/iphone-13-xanh.jpg.webp,iPhone Chính hãng,2026-04-27 11:46:44,"Màn hình: Super Retina XDR OLED, HDR10, Dolby Vision 6.1 inches, (~460 ppi), 800 nits (HBM), 1200 nits (peak) 1170 x 2532 pixels, 19.5:9 ratio Kính cường lực Ceramic Shield True-tone | Hệ điều hành: iOS 15 | Camera sau: 12 MP, f/1.6, 26mm (góc rộng), dual pixel PDAF, OIS 12 MP, f/2.4, 120˚, 13mm (góc siêu rộng) Quay phim: 4K@24/30/60fps, 1080p@30/60/120/240fps, HDR, Dolby Vision HDR (up to 60fps). | Camera trước: 12 MP, f/2.2, 23mm (góc rộng) SL 3D, (depth/biometrics sensor) Quay phim: 4K@24/25/30/60fps, 1080p@30/60/120fps, gyro-EIS | Bộ nhớ trong: 128-512GB NVMe | Thẻ SIM: 2 SIM (1 eSIM) | Dung lượng pin: 3240 mAh, sạc nhanh 20W, 50% trong 30ph (quảng cáo) USB Power Delivery 2.0 MagSafe wireless charging 15W | Thiết kế: Thanh + cảm ứng"
Điện thoại iPhone 15 Plus Chính hãng VN/A,17.550.000 ₫,17550000,,0,https://mobilecity.vn/dien-thoai/iphone-15-plus-chinh-hang-man-hinh-rong.html,https://cdn.mobilecity.vn/mobilecity-vn/images/2023/09/iphone-15-plus-xanh-duong.jpg.webp,iPhone Chính hãng,2026-04-27 11:46:44,"Màn hình: Super Retina XDR OLED, HDR10, Dolby Vision, 1000 nits (HBM), 2000 nits (tối đa) 6.7 inches, 1290 x 2796 pixels, tỷ lệ 19.5:9 Mật độ điểm ảnh ~460 ppi Ceramic Shield glass | Hệ điều hành: iOS 17 | Camera sau: 48 MP, f/1.6, 26mm (góc rộng), dual pixel PDAF, sensor-shift OIS 12 MP, f/2.4, 13mm, 120˚ (góc siêu rộng) Quay phim: 4K@24/25/30/60fps, 1080p@25/30/60/120/240fps, HDR, Dolby Vision HDR (up to 60fps), Cinematic mode (4K@30fps), stereo sound rec. | Camera trước: 12 MP, f/1.9, 23mm (góc rộng), PDAF SL 3D (độ sâu/sinh trắc học) HDR, Cinematic mode (4K@30fps) Quay phim: 4K@24/25/30/60fps, 1080p@25/30/60/120fps, gyro-EIS | Bộ nhớ trong: 128-512GB, NVMe | Thẻ SIM: Nano SIM và eSIM (Quốc tế) Chỉ eSIM (bản Mỹ) 2 SIM,Nano SIM (Trung Quốc) | Dung lượng pin: Li-Ion x mAh Sạc nhanh 50% trong 30 ph (QC) Sạc không dây (MagSafe) 15W Sạc không dây (Qi) 7.5W | Thiết kế: Khung nhôm vuông vức Kính sau Corning-made Kính trước Ceramic Shield Thiết kế màn hình Dynamic Island Kháng nước, bụi IP68"
Điện thoại iPhone 17e Chính hãng,17.950.000 ₫,17950000,,0,https://mobilecity.vn/dien-thoai/iphone-17e-chinh-hang.html,https://cdn.mobilecity.vn/mobilecity-vn/images/2026/03/iphone-17e-00-3.jpg,iPhone Chính hãng,2026-04-27 11:46:44,"Màn hình: Super Retina XDR OLED,1200 nits (peak) 6.1 inches, 1.5K (1170 x 2532 pixels) | Hệ điều hành: iOS 26 | Camera sau: 48 MP, f/1.6, 26mm (wide), 1/2.55"", 0.7µm, PDAF, OIS Quay phim: 4K@24/25/30/60fps, 1080p@25/30/60/120/240fps, Dolby Vision HDR, OIS, stereo sound rec. | Camera trước: 12 MP, f/1.9, 23mm (wide), 1/3.6"", 1.0µm, PDAF | Bộ nhớ trong: 256-512GB, NVMe | Thẻ SIM: 1 SIM Nano + 2 eSIM (Quốc tế) 2 SIM Nano (Trung Quốc) 2 eSIM (Hoa Kỳ) | Dung lượng pin: Li-Ion 4005 mAh | Thiết kế: Khung nhôm phẳng + 2 mặt kính phẳng Kháng nước, bụi IP68 Bảo mật, mở khóa Face ID"
Điện thoại iPhone 16 Chính hãng VN/A,20.150.000 ₫,20150000,,0,https://mobilecity.vn/dien-thoai/iphone-16-chinh-hang-nho-gon.html,https://cdn.mobilecity.vn/mobilecity-vn/images/2024/09/iphone-16-xanh-mong-ket.jpg.webp,iPhone Chính hãng,2026-04-27 11:46:44,"Màn hình: Super Retina XDR OLED, HDR10, Dolby Vision, 1000 nits (typ), 2000 nits (HBM) 6.1 inches, 1179 x 2556 pixels Tỷ lệ 19.5:9, Mật độ điểm ảnh ~461 ppi Kính bảo vệ Ceramic Shield (2004) | Hệ điều hành: iOS 18 | Camera sau: 48 MP, f/1.6, 26mm (góc rộng), dual pixel PDAF, sensor-shift OIS 12 MP, f/2.2, 13mm, 120˚ (góc siêu rộng), dual pixel PDAF Quay phim: 4K@24/25/30/60fps, 1080p@25/30/60/120/240fps, HDR, Dolby Vision HDR (up to 60fps), stereo sound rec. | Camera trước: 12 MP, f/1.9, 23mm (góc rộng), PDAF SL 3D, (độ sâu/cảm biến sinh trắc) Quay phim: 4K@24/25/30/60fps, 1080p@25/30/60/120fps, gyro-EIS | Bộ nhớ trong: 128-512GB, NVMe | Thẻ SIM: Quốc tế: Nano SIM và eSIM Mỹ: 2 eSIM với nhiều số Trung Quốc: 2 SIM Nano | Dung lượng pin: Li-Ion 3561 mAh Sạc nhanh >20W Sạc không dây 25W (MagSafe) và 15W (Qi2) Sạc ngược 4.5W (không dây) | Thiết kế: Khung nhôm vuông vức Kính trước Ceramic Shield (2024) Kính sau Corning-made Kháng nước, bụi IP68"
"Điện thoại iPhone 13 Pro Max (Chính hãng VN/A) (128GB, 256GB, 512GB)",20.950.000 ₫,20950000,27.450.000₫,27450000,https://mobilecity.vn/apple/iphone-13-pro-max-chinh-hang-vn-a.html,https://cdn.mobilecity.vn/mobilecity-vn/images/2021/10/iphone-13-pro-max-vang.jpg.webp,iPhone Chính hãng,2026-04-27 11:46:44,"Màn hình: Super Retina XDR OLED, 120Hz, HDR10, Dolby Vision 6.7 inches (1284 x 2778 pixels), tỷ lệ 19.5:9 Kính cường lực Ceramic Shield True-tone | Hệ điều hành: iOS 15 | Camera sau: 12 MP, f/1.5, 26mm (góc rộng), dual pixel PDAF, sensor-shift OIS 12 MP, f/2.8, 77mm (chân dung), PDAF, OIS, 3x optical zoom 12 MP, f/1.8, 13mm, 120˚ (góc siêu rộng), PDAF Quay phim: 4K@24/30/60fps, 1080p@30/60/120/240fps, 10‑bit HDR, Cinematic mode | Camera trước: 12 MP, f/2.2, 23mm (góc rộng) SL 3D, (đo chiều sâu) Quay phim: 4K@24/25/30/60fps, 1080p@30/60/120fps, gyro-EIS | Bộ nhớ trong: 128GB-1TB NVMe | Thẻ SIM: 2 SIM (1 eSIM) | Dung lượng pin: Li-Ion 4352 mAh Sạc nhanh 27W, 50% trong 30ph (quảng cáo) MagSafe wireless charging 15W Qi magnetic fast wireless charging 7.5W | Thiết kế: Thanh + cảm ứng"
Điện thoại iPhone 14 Chính hãng VN/A,21.450.000 ₫,21450000,23.990.000₫,23990000,https://mobilecity.vn/dien-thoai/iphone-14.html,https://cdn.mobilecity.vn/mobilecity-vn/images/2022/09/iphone-14-mau-den.jpg.webp,iPhone Chính hãng,2026-04-27 11:46:44,"Màn hình: Super Retina XDR OLED, HDR10, Dolby Vision 6.1 inches, Full HD+ (1170 x 2532 pixels) Thủy tinh gốm chống xước, lớp phủ oleophobic True-tone | Hệ điều hành: iOS 16 | Camera sau: 12 MP, f/1.5, 26mm (góc rộng), dual pixel PDAF, sensor-shift OIS 12 MP, f/2.4, 13mm (góc siêu rộng) Quay phim: 4K@24/25/30/60fps, 1080p@25/30/60/120/240fps, HDR, Dolby Vision HDR (up to 60fps), Cinematic mode (4K@30fps), stereo sound rec. | Camera trước: 12 MP, f/1.9, 23mm (góc rộng), 1/3.6"" SL 3D, (đo độ sâu / sinh trắc học) Quay phim: 4K@24/25/30/60fps, 1080p@25/30/60/120fps, gyro-EIS | Bộ nhớ trong: 128GB- 512GB | Thẻ SIM: eSIM | Dung lượng pin: Đang cập nhật | Thiết kế: Thanh + Cảm ứng"
Điện thoại iPhone 15 Pro Chính hãng VN/A,23.950.000 ₫,23950000,,0,https://mobilecity.vn/dien-thoai/iphone-15-pro-chinh-hang-vn-a.html,https://cdn.mobilecity.vn/mobilecity-vn/images/2023/09/iphone-15-pro-titan-xanh.jpg.webp,iPhone Chính hãng,2026-04-27 11:46:44,"Màn hình: LTPO Super Retina XDR OLED, 120Hz, HDR10, Dolby Vision, 1000 nits (typ), 2000 nits (HBM) 6.1 inches, 1179 x 2556 pixels, tỷ lệ 19.5:9 Ceramic Shield glass Always-on Display | Hệ điều hành: iOS 17 | Camera sau: 48 MP, f/1.8, 24mm (góc rộng), dual pixel PDAF, sensor-shift OIS 12 MP, f/2.8, 77mm (tele), PDAF, OIS, zoom quang 3x 12 MP, f/2.2, 13mm, 120˚ (góc siêu rộng), dual pixel PDAF TOF 3D LiDAR scanner (đo độ sâu) Quay phim: 4K@24/25/30/60fps, 1080p@25/30/60/120/240fps, 10-bit HDR, Dolby Vision HDR (up to 60fps), ProRes, Cinematic mode (4K@24/30fps), 3D (spatial) video, stereo sound rec. | Camera trước: 12 MP, f/1.9, 23mm (góc rộng), PDAF, OIS SL 3D (độ sâu/cảm biến sinh trắc học) HDR, Cinematic mode (4K@24/30fps) Quay phim: 4K@24/25/30/60fps, 1080p@25/30/60/120fps, gyro-EIS | Bộ nhớ trong: 128-512GB, 1TB, NVMe | Thẻ SIM: Nano SIM và eSIM (Quốc tế) Chỉ eSIM (bản Mỹ) 2 SIM,Nano SIM (Trung Quốc) | Dung lượng pin: Li-Ion mAh Sạc nhanh có dây 50% trong 30 ph (QC) Sạc không dây (MagSafe) 15W Sạc không dây (Qi) 7.5W | Thiết kế: Màn hình tràn viền với Dynamic Island Khung viền Titan (grade 5) Mặt lưng kính Corning-made Kính trước Ceramic Shield Kháng nước, bụi IP68"
Điện thoại iPhone 14 Pro Chính hãng VN/A,24.850.000 ₫,24850000,25.950.000₫,25950000,https://mobilecity.vn/dien-thoai/iphone-14-pro.html,https://cdn.mobilecity.vn/mobilecity-vn/images/2022/09/iphone-14pro-tim-chinh-thuc.png.webp,iPhone Chính hãng,2026-04-27 11:46:44,"Màn hình: LTPO Super Retina XDR OLED, 120Hz, HDR10, Dolby Vision, 1000 nits (typ), 2000 nits (HBM) 6.1 inches, 1.5K (1179 x 2556 pixels), tỷ lệ19.5:9 Kính thủy tinh gốm chống xước, phủ oleophobic Always-On display | Hệ điều hành: iOS 16 | Camera sau: 48 MP, f/1.8, 24mm (góc rộng), dual pixel PDAF, sensor-shift OIS 12 MP, f/2.8, 77mm (tele), PDAF, OIS, 3x optical zoom 12 MP, f/2.2, 13mm, 120˚ (góc siêu rộng), dual pixel PDAF TOF 3D máy quét LiDAR (depth) Quay phim: 4K@24/25/30/60fps, 1080p@25/30/60/120/240fps, 10-bit HDR, Dolby Vision HDR (up to 60fps), ProRes, Cinematic mode (4K@30fps), stereo sound rec. | Camera trước: 12 MP, f/1.9, 23mm (góc rộng), PDAF SL 3D, (cảm biến độ sâu/sinh trắc học) Quay phim: 4K@24/25/30/60fps, 1080p@25/30/60/120fps, gyro-EIS | Bộ nhớ trong: 128GB-1TB, NVMe | Thẻ SIM: 1 Sim | Dung lượng pin: Li-Ion 3200 mAh Sạc nhanh 20W, sạc 50% trong 30ph (Quảng cáo) Sạc nhanh tối đa: Đang cập nhật Sạc không dây MagSafe 15W Sạc nhanh không dây Qi từ tính 7.5W | Thiết kế: Khung thép + Mặt lưng kính"
Điện thoại iPhone 16 Plus Chính hãng VN/A,24.950.000 ₫,24950000,,0,https://mobilecity.vn/dien-thoai/iphone-16-plus-chinh-hang-vn-a.html,https://cdn.mobilecity.vn/mobilecity-vn/images/2024/09/iphone-16-plus-xanh-luu-ly.jpg.webp,iPhone Chính hãng,2026-04-27 11:46:44,"Màn hình: Super Retina XDR OLED, HDR10, Dolby Vision, 1000 nits (typ), 2000 nits (HBM) 6.7 inches, 1290 x 2796 pixels Tỷ lệ 19.5:9, Mật độ điểm ảnh ~460 ppi Kính bảo vệ Ceramic Shield (2004) | Hệ điều hành: iOS 18 | Camera sau: 48 MP, f/1.6, 26mm (góc rộng), dual pixel PDAF, sensor-shift OIS 12 MP, f/2.2, 13mm, 120˚ (góc siêu rộng), dual pixel PDAF Quay phim: 4K@24/25/30/60fps, 1080p@25/30/60/120/240fps, HDR, Dolby Vision HDR (up to 60fps), stereo sound rec. | Camera trước: 12 MP, f/1.9, 23mm (góc rộng), PDAF SL 3D, (độ sâu/cảm biến sinh trắc) Quay phim: 4K@24/25/30/60fps, 1080p@25/30/60/120fps, gyro-EIS | Bộ nhớ trong: 128-512GB, NVMe | Thẻ SIM: Quốc tế: Nano SIM và eSIM Mỹ: 2 eSIM với nhiều số Trung Quốc: 2 SIM Nano | Dung lượng pin: Li-Ion, có sạc nhanh Sạc không dây 25W (MagSafe) và 15W (Qi2) Sạc ngược 4.5W (không dây) | Thiết kế: Khung nhôm vuông vức Kính trước Ceramic Shield (2024) Kính sau Corning-made Kháng nước, bụi IP68"
Điện thoại iPhone 17 Chính hãng,24.990.000 ₫,24990000,,0,https://mobilecity.vn/dien-thoai/iphone-17-chinh-hang.html,https://cdn.mobilecity.vn/mobilecity-vn/images/2025/09/iphone-17-tim.jpg.webp,iPhone Chính hãng,2026-04-27 11:46:44,"Màn hình: LTPO Super Retina XDR OLED, 120Hz, HDR10, 1000 nits (typ), 1600 nits (HBM), 3000 nits (peak) 6.3 inches, 1.5K (1206 x 2622 pixels) Tỷ lệ 19.5:9, mật độ điểm ảnh ~460 ppi Ceramic Shield 2, độ cứng Mohs cấp 5 | Hệ điều hành: iOS 26 | Camera sau: 48 MP, f/1.6, 26mm (góc rộng), 1/1.56"", 1.0µm, dual pixel PDAF, sensor-shift OIS 48 MP, f/2.2, 13mm, 120˚ (góc siêu rộng), 1/2.55"", 0.7µm, PDAF Quay phim: 4K@24/25/30/60fps, 1080p@25/30/60/120/240fps, HDR, Dolby Vision HDR (up to 60fps), stereo sound rec. | Camera trước: 18 MP multi-aspect, f/1.9 (góc rộng), PDAF, OIS SL 3D, (độ sâu/cảm biến sinh trắc) HDR, Dolby Vision HDR, 3D (spatial) audio, stereo sound rec. Quay phim: 4K@24/25/30/60fps, 1080p@25/30/60/120fps, gyro-EIS | Bộ nhớ trong: 256-512GB, NVMe | Thẻ SIM: 1 SIM Nano + 2 eSIM (Quốc tế) 2 SIM Nano (Trung Quốc) 2 eSIM (Hoa Kỳ) | Dung lượng pin: Li-Ion 3692 mAh Sạc nhanh PD2.0 Sạc 25W (không dây MagSafe/Qi2) - Bản Quốc tế Sạc 15W (không dây MagSafe/Qi2 - Bản Trung Quốc) Sạc 4.5W ngược (dây) | Thiết kế: Khung nhôm phẳng + 2 mặt kính phẳng Kháng nước, bụi IP68 Bảo mật, mở khóa Face ID"
Điện thoại iPhone 16 Pro Chính hãng VN/A,25.500.000 ₫,25500000,,0,https://mobilecity.vn/dien-thoai/iphone-16-pro-chinh-hang-vn-a.html,https://cdn.mobilecity.vn/mobilecity-vn/images/2024/09/iphone-16-pro-titan-tu-nhien.jpg.webp,iPhone Chính hãng,2026-04-27 11:46:44,"Màn hình: LTPO Super Retina XDR OLED, 120Hz, HDR10, Dolby Vision, 1000 nits (typ), 2000 nits (HBM) 6.3 inches, 1.5K (1206 x 2622 pixels) Tỷ lệ 19.5:9, mật độ điểm ảnh ~458 ppi Always-on Display Ceramic Shield glass (2024) | Hệ điều hành: iOS 18 | Camera sau: 48 MP, f/1.8, 24mm (góc rộng), dual pixel PDAF, sensor-shift OIS 12 MP, f/2.8, 120mm (tele tiềm vọng), dual pixel PDAF, 3D sensor‑shift OIS, zoom quang 5x 48 MP, f/2.2, 13mm (góc siêu rộng), dual pixel PDAF TOF 3D LiDAR scanner (độ sâu) Quay phim: 4K@24/25/30/60/100/120fps, 1080p@25/30/60/120/240fps, 10-bit HDR, Dolby | Camera trước: 12 MP, f/1.9, 23mm (góc rộng), PDAF, OIS SL 3D (độ sâu/Cảm biến sinh trắc học) HDR, Dolby Vision HDR, 3D (spatial) audio, stereo sound rec. Quay phim: 4K@24/25/30/60fps, 1080p@25/30/60/120fps, gyro-EIS | Bộ nhớ trong: 128GB-1TB, NVMe | Thẻ SIM: Quốc tế: Nano SIM và eSIM Mỹ: 2 eSIM với nhiều số Trung Quốc: 2 SIM Nano | Dung lượng pin: Li-Ion 3582 mAh Sạc nhanh (dây) Sạc 25W (không dây MagSafe) Sạc 15W (không dây Qi2) Sạc 4.5W ngược (dây) | Thiết kế: Khung titanium (grade 5) Mặt kính sau Corning-made Mặt kính trước Ceramic Shield (2024) Kháng nước, bụi IP68"
Điện thoại iPhone 12 Pro Max Chính hãng (128GB-256GB-512GB),28.550.000 ₫,28550000,25.950.000₫,25950000,https://mobilecity.vn/apple/iphone-12-pro-max.html,https://cdn.mobilecity.vn/mobilecity-vn/images/2021/07/iphone-12-pro-max-xanh.jpg.webp,iPhone Chính hãng,2026-04-27 11:46:44,"Màn hình: Super Retina XDR OLED, Full HD+ (1284 x 2778 pixel) | Hệ điều hành: iOS 14 | Camera sau: 12 MP, f / 1.6 ( rộng ) , 12 MP, f / 2.0 (tele), 12 MP, f / 2.4 ( siêu rộng ) | Camera trước: 12 MP, f / 2.2 (rộng) | Bộ nhớ trong: 128-256-512GB | Thẻ SIM: 2 SIM | Dung lượng pin: 3687mAh - Sạc nhanh 20W, 30 phút 50% pin | Thiết kế: Thiết kế 2 mặt kính, khung thép không gỉ"
Điện thoại iPhone 17 Pro Chính hãng,34.999.000 ₫,34999000,,0,https://mobilecity.vn/dien-thoai/iphone-17-pro-chinh-hang.html,https://cdn.mobilecity.vn/mobilecity-vn/images/2025/09/iphone-17-pro-xanh-dam.jpg.webp,iPhone Chính hãng,2026-04-27 11:46:44,"Màn hình: LTPO Super Retina XDR OLED, 120Hz, HDR10, Dolby Vision, 1000 nits (typ), 1600 nits (HBM), 3000 nits (peak) 6.3 inches, 1.5K (1206 x 2622 pixels) Tỷ lệ 19.5:9, mật độ điểm ảnh ~460 ppi Ceramic Shield 2; Lớp phủ chống phản xạ | Hệ điều hành: iOS 26 | Camera sau: 48 MP, f/1.6, 24mm (góc rộng), 1/1.28"", 1.22µm, dual pixel PDAF, sensor-shift OIS 48 MP, f/2.8, 100mm (tele tiềm vọng), 1/2.55"", 0.7µm, PDAF, 3D sensor‑shift OIS, zoom quang 4x 48 MP, f/2.2, 13mm, 120˚ (góc siêu rộng), PDAF TOF 3D LiDAR scanner (độ sâu) Quay phim: 4K@24/25/30/60/100/120fps, 1080p@25/30/60/120/240fps, 10-bit HDR, Dolby Vision HDR (up to 60fps), ProRes, ProRes RAW, Apple Log 2, 3D (spatial) video/audio, stereo sound rec. | Camera trước: 18 MP multi-aspect, f/1.9 (góc rộng), PDAF, OIS SL 3D (độ sâu/Cảm biến sinh trắc học) HDR, Dolby Vision HDR, 3D (spatial) audio, stereo sound rec., ProRes RAW, Apple Log 2 Quay phim: 4K@24/25/30/60fps, 1080p@25/30/60/120fps, gyro-EIS | Bộ nhớ trong: 256GB-1TB, NVMe | Thẻ SIM: 1 SIM Nano + 2 eSIM (Quốc tế) 2 SIM Nano (Trung Quốc) 2 eSIM (Hoa Kỳ) | Dung lượng pin: Li-Ion 3988 mAh (bản có Nano SIM) Li-Ion 4252 mAh (bản chỉ có eSIM) Sạc nhanh (dây) PD2.0 Sạc 25W (không dây MagSafe) Sạc 15W (không dây MagSafe - Bản Trung Quốc) Sạc 25W (không dây Qi2) Sạc 4.5W ngược (dây) | Thiết kế: Khung hợp kim nhôm phẳng Mặt lưng phẳng bằng hợp kim nhôm + kính Kháng nước bụi, IP68 Bảo mật, mở khóa Face ID"
Điện thoại iPhone 14 Max Chính hãng VN/A,Liên hệ,0,,0,https://mobilecity.vn/dien-thoai/iphone-14-max.html,https://cdn.mobilecity.vn/mobilecity-vn/images/2022/08/iphone-14-max-2.jpg,iPhone Chính hãng,2026-04-27 11:46:44,"Màn hình: Super Retina XDR OLED, HDR10, Dolby Vision 6.7 inches, Full HD+ (1170 x 2532 pixels) Thủy tinh gốm chống xước, lớp phủ oleophobic True-tone | Hệ điều hành: iOS 16 | Camera sau: 12 MP, f/1.5, 26mm (góc rộng), dual pixel PDAF, sensor-shift OIS 12 MP, f/1.8, 13mm, 120˚ (góc siêu rộng), PDAF TOF 3D LiDAR scanner (đo độ sâu) Quay phim: 4K@24/30/60fps, 1080p@30/60/120/240fps, 10-bit HDR, Dolby Vision HDR (up to 60fps), ProRes, Cinematic mode, stereo sound rec. | Camera trước: 12 MP, f/2.2, 23mm (góc rộng), 1/3.6"" SL 3D, (đo độ sâu / sinh trắc học) Quay phim: 4K@24/25/30/60fps, 1080p@30/60/120fps, gyro-EIS | Bộ nhớ trong: 128-512GB | Thẻ SIM: 2 SIM, Nano SIM | Dung lượng pin: Li-Ion 4523mAh Sạc nhanh 27W | Thiết kế: Thanh + Cảm ứng"
Điện thoại iPhone 13 mini Chính hãng VN/A,Liên hệ,0,,0,https://mobilecity.vn/apple/iphone-13-mini-chinh-hang-vn-a.html,https://cdn.mobilecity.vn/mobilecity-vn/images/2021/10/iphone-13-mini-hong.jpg.webp,iPhone Chính hãng,2026-04-27 11:46:44,"Màn hình: Super Retina XDR OLED, 60Hz, HDR10, Dolby Vision 5,4 inches, Full HD+ (1080 x 2340 pixels) Thủy tinh gốm chống xước, lớp phủ oleophobic True-tone | Hệ điều hành: iOS 15 | Camera sau: 12 MP, f/1.6, 26mm (góc rộng), dual pixel PDAF, OIS 12 MP, f/2.4, 120˚, 13mm (góc siêu rộng) Quay phim: 4K@24/30/60fps, 1080p@30/60/120/240fps, HDR, Dolby Vision HDR (lên đến 60fps) | Camera trước: 12 MP, f/2.2, 23mm (góc rộng) SL 3D, (depth/biometrics sensor) Quay phim: 4K@24/25/30/60fps, 1080p@30/60/120fps, gyro-EIS | Bộ nhớ trong: 128-512GB NVMe | Thẻ SIM: 1 SIM hoặc 2 SIM | Dung lượng pin: Li-Ion 2438 mAh Sạc nhanh 20W, 50% trong 30 phút (được quảng cáo) | Thiết kế: Thanh + cảm ứng"
Điện thoại Samsung Galaxy A17 Chính hãng,4.350.000 ₫,4350000,,0,https://mobilecity.vn/dien-thoai/samsung-galaxy-a17-chinh-hang.html,https://cdn.mobilecity.vn/mobilecity-vn/images/2025/09/samsung-galaxy-a17-4g-xanh.jpg.webp,Samsung Chính hãng,2026-04-27 11:48:07,"Màn hình: Super AMOLED, 90Hz, 800 nits (HBM) 6.7 inches, Full HD+ (1080 x 2340 pixels) Tỷ lệ 19.5:9, mật độ điểm ảnh ~385 ppi Corning Gorilla Glass 7 | Hệ điều hành: Android 15, One UI 7 | Camera sau: 50 MP, f/1.8 (góc rộng), 1/2.76"", 0.64µm, AF, OIS 5 MP, f/2.2 (góc siêu rộng), 1/5.0"", 1.12µm 2 MP, f/2.4 (macro) Quay phim: 1080p@30fps | Camera trước: 13 MP, f/2.0 (góc rộng), 1/3.1"", 1.12µm Quay phim: 1080p@30fps | Bộ nhớ trong: 128-256GB | Thẻ SIM: 2 SIM Nano | Dung lượng pin: 5000 mAh Sạc nhanh 25W | Thiết kế: Khung nhựa phẳng Mặt lưng nhựa phẳng Màn hình giọt nước kính Corning Gorilla Glass 7 Kháng nước, bụi IP54"
Điện thoại Samsung Galaxy A17 5G Chính hãng,4.350.000 ₫,4350000,,0,https://mobilecity.vn/dien-thoai/samsung-galaxy-a17-5g-chinh-hang.html,https://cdn.mobilecity.vn/mobilecity-vn/images/2025/08/samsung-galaxy-a17-5g-xanh-nany.jpg.webp,Samsung Chính hãng,2026-04-27 11:48:07,"Màn hình: Super AMOLED, 90Hz, 800 nits (HBM) 6.7 inches, Full HD+ (1080 x 2340 pixels) Tỷ lệ 19.5:9, mật độ điểm ảnh ~385 ppi Corning Gorilla Glass Victus, Mohs level 5 | Hệ điều hành: Android 15, One UI 7 Hỗ trợ cập nhật 6 bản Android chính | Camera sau: 50 MP, f/1.8 (góc rộng), 1/2.76"", 0.64µm, AF, OIS 5 MP, f/2.2 (góc siêu rộng), 1/5.0"", 1.12µm 2 MP, f/2.4, (macro) Quay phim: 1080p@30fps, gyro-EIS | Camera trước: 13 MP, f/2.0, (góc rộng), 1/3.1"", 1.12µm Quay phim: 1080p@30fps | Bộ nhớ trong: 128-256GB | Thẻ SIM: 2 SIM Nano | Dung lượng pin: Li-Ion 5000 mAh Sạc nhanh 25W | Thiết kế: Khung nhựa phẳng Mặt lưng nhựa phẳng Màn hình giọt nước kính Gorilla Victus phẳng Kháng nước, bụi IP54"
Điện thoại Samsung Galaxy A36 5G Chính hãng (Snapdragon 6 Gen 3),6.300.000 ₫,6300000,8.860.000₫,8860000,https://mobilecity.vn/dien-thoai/samsung-galaxy-a36-5g-chinh-hang.html,https://cdn.mobilecity.vn/mobilecity-vn/images/2025/03/samsung-galaxy-a36-5g-xanh.jpg.webp,Samsung Chính hãng,2026-04-27 11:48:07,"Màn hình: Super AMOLED, 120Hz, 1200 nits (HBM), 1900 nits (peak) 6.7 inches, Full HD+ (1080 x 2340 pixels) Tỷ lệ 19.5:9, mật độ điểm ảnh ~385 ppi | Hệ điều hành: Android 15, One UI 7 Hỗ trợ cập nhật 6 bản Android chính | Camera sau: 50 MP, f/1.8 (góc rộng), 1/1.96"", PDAF, OIS 8 MP, f/2.2, 123˚ (góc siêu rộng), 1/4.0"", 1.12µm 5 MP, f/2.4 (macro) Quay phim: 4K@30fps, 1080p@30/60fps, gyro-EIS | Camera trước: 12 MP, f/2.2 (góc rộng) Quay phim: 4K@30fps, 1080p@30fps, 10-bit HDR | Bộ nhớ trong: 128-256GB, UFS 2.2 | Thẻ SIM: 2 SIM Nano | Dung lượng pin: 5000 mAh Sạc nhanh 45W Sạc 66% pin trong 30 ph, 100% trong 68 ph | Thiết kế: Khung nhựa phẳng Mặt lưng kính Gorilla Victus+ Màn hình phẳng đục lỗ, kính Gorilla Victus+ Kháng nước, bụi IP67 Cảm biến vân tay dưới màn hình"
Điện thoại Samsung Galaxy A56 5G (Chính hãng - Exynos 1580),8.050.000 ₫,8050000,9.990.000₫,9990000,https://mobilecity.vn/dien-thoai/samsung-galaxy-a56-5g.html,https://cdn.mobilecity.vn/mobilecity-vn/images/2025/03/samsung-galaxy-a56-5g-xanh.jpg.webp,Samsung Chính hãng,2026-04-27 11:48:07,"Màn hình: Super AMOLED, 120Hz, HDR10+, 1200 nits (HBM), 1900 nits (peak) 6.7 inches, Full HD+ (1080 x 2340 pixels) Tỷ lệ 19.5:9, mật độ điểm ảnh ~385 ppi | Hệ điều hành: Android 15, One UI 7 Hỗ trợ cập nhật 6 bản Android chính | Camera sau: 50 MP, f/1.8 (góc rộng), 1/1.56"", 1.0µm, PDAF, OIS 12 MP, f/2.2, 123˚ (góc siêu rộng), 1/3.06"", 1.12µm 5 MP, f/2.4 (macro) Quay phim: 4K@30fps, 1080p@30/60fps, gyro-EIS | Camera trước: 12 MP, f/2.2 (góc rộng) Quay phim: 4K@30fps, 1080p@30/60fps, 10-bit HDR | Bộ nhớ trong: 128-256GB, UFS 3.1 | Thẻ SIM: 2 SIM Nano và 2 eSIM | Dung lượng pin: 5000 mAh Sạc nhanh 45W Sạc 65% pin trong 30 ph, 100% trong 68 ph | Thiết kế: Khung nhôm phẳng Mặt lưng kính Gorilla Victus+ phẳng Màn hình phẳng kính Gorilla Victus+ Kháng nước, bụi IP67"
Điện thoại Samsung Galaxy S26 Chính hãng,22.000.000 ₫,22000000,,0,https://mobilecity.vn/dien-thoai/samsung-galaxy-s26-chinh-hang.html,https://cdn.mobilecity.vn/mobilecity-vn/images/2026/02/samsung-glalaxy-s26-0-4.jpg,Samsung Chính hãng,2026-04-27 11:48:07,"Màn hình: Dynamic LTPO AMOLED 2X, 120Hz, HDR10+, 2600 nits (peak) 6.2 inches, Full HD+ (1080 x 2340 pixels) Tỷ lệ 19.5:9; Mật độ điểm ảnh ~416 ppi Always-on Display Kính bảo vệ Corning Gorilla Victus 2 | Hệ điều hành: Android 16, One UI 8.5 | Camera sau: 50 MP, f/1.8, 24mm (góc rộng), 1/1.56"", 1.0µm, dual pixel PDAF, OIS 10 MP, f/2.4, 67mm (tele), 1/3.94"", 1.0µm, PDAF, OIS, zoom quang 3x 12 MP, f/2.2, 13mm, 120˚ (góc siêu rộng), Super Steady video Quay phim: 8K@24/30fps, 4K@30/60fps, 1080p@30/60/240fps, 10-bit HDR, HDR10+, stereo sound rec., gyro-EIS | Camera trước: 12 MP, f/2.2, 26mm (góc rộng) 1/3.2"", 1.12µm, dual pixel PDAF HDR, HDR10+ Quay phim: 4K@30/60fps, 1080p@30fps | Bộ nhớ trong: 256-512GB, UFS 4.0 | Thẻ SIM: 2 SIM Nano + eSIM | Dung lượng pin: 4300 mAh Sạc nhanh 25W | Thiết kế: Vuông vức bo tròn góc Khung nhôm phẳng Hai mặt kính Gorilla Victus 2 Kháng nước, bụi IP68 Cảm biến vân tay siêu âm dưới màn hình"
Điện thoại Samsung Galaxy A03 Core (Chính hãng),1.810.000 ₫,1810000,1.990.000₫,1990000,https://mobilecity.vn/dien-thoai/samsung-galaxy-a03-core-chinh-hang.html,https://cdn.mobilecity.vn/mobilecity-vn/images/2023/02/samsung-galaxy-a03-core-chinh-hang-xanh.jpg.webp,Samsung Chính hãng,2026-04-27 11:48:07,"Màn hình: PLS LCD, tỷ lệ 20:9 6.5 inches, HD+ (720 x 1600 pixels) | Hệ điều hành: Android 11 (Go edition) | Camera sau: 8 MP, f/2.0, AF Quay phim: 1080p@30fps | Camera trước: 5 MP, f/2.2 | Bộ nhớ trong: 32GB, eMMC 5.1 | Thẻ SIM: 2 SIM, Nano SIM | Dung lượng pin: Li-Ion 5000 mAh | Thiết kế: Thanh + Cảm ứng"
Điện thoại Samsung Galaxy A03s (Chính hãng),2.100.000 ₫,2100000,3.190.000₫,3190000,https://mobilecity.vn/samsung/samsung-galaxy-a03s.html,https://cdn.mobilecity.vn/mobilecity-vn/images/2021/10/samsung-galaxy-a03s-den.jpg.webp,Samsung Chính hãng,2026-04-27 11:48:07,"Màn hình: PLS LCD, tỷ lệ 20:9 6.5 inches, HD+ (720 x 1600 pixels) Mặt kính cong 2.5D | Hệ điều hành: Android 12, One UI 4.1 Core | Camera sau: 13 MP, f/2.2 (góc rộng), AF 2 MP, f/2.4 (độ sâu) 2 MP, f/2.4 (macro) Quay phim: 1080p@30fps | Camera trước: 5 MP, f/2.2 Quay phim: 1080p@30fps | Bộ nhớ trong: 32GB - 64GB eMMC 5.1 | Thẻ SIM: 2 SIM, Nano SIM | Dung lượng pin: Li-Po 5000 mAh Sạc nhanh 15W | Thiết kế: Khung nhựa, lưng nhựa"
Điện thoại Samsung Galaxy A04 (Chính hãng),2.120.000 ₫,2120000,2.500.000₫,2500000,https://mobilecity.vn/dien-thoai/samsung-galaxy-a04-chinh-hang.html,https://cdn.mobilecity.vn/mobilecity-vn/images/2023/02/samsung-galaxy-a04-chinh-hang-dong.jpg.webp,Samsung Chính hãng,2026-04-27 11:48:07,"Màn hình: PLS LCD, tỷ lệ 20:9 6.5 inches, HD+ (720 x 1600 pixels) Corning Gorilla Glass 3 | Hệ điều hành: Android 12, One UI Core 4.1 | Camera sau: 50 MP, f/1.8 (góc rộng), AF 2 MP, f/2.4 (độ sâu) Quay phim: 1080p@30fps, 720p@30fps | Camera trước: 5 MP, f/2.2 | Bộ nhớ trong: 32-128GB eMMC 5.1 | Thẻ SIM: 2 SIM, Nano SIM | Dung lượng pin: Li-Po 5000 mAh Sạc nhanh 15W | Thiết kế: Thanh + cảm ứng"
Điện thoại Samsung Galaxy M07 Chính hãng,2.150.000 ₫,2150000,,0,https://mobilecity.vn/dien-thoai/samsung-galaxy-m07-chinh-hang.html,https://cdn.mobilecity.vn/mobilecity-vn/images/2025/10/samsung-galaxy-m07-chinh-hang.jpg,Samsung Chính hãng,2026-04-27 11:48:07,"Màn hình: PLS LCD, 90Hz 6.7 inches, HD+ (720 x 1600 pixels) Tỷ lệ 20:9, mật độ điểm ảnh ~262 ppi | Hệ điều hành: Android 15, One UI 7 Hỗ trợ cập nhật 6 bản Android chính | Camera sau: 50 MP, f/1.8 (góc rộng), 1/2.76"", 0.64µm, PDAF 2 MP, f/2.4 (depth) Quay phim: 1080p@30fps | Camera trước: 8 MP, f/2.0 (góc rộng), 1/4.0"", 1.12µm Quay phim: 1080p@30fps | Bộ nhớ trong: 64GB | Thẻ SIM: 2 SIM Nano | Dung lượng pin: Li-Ion 5000 mAh Sạc nhanh 25W | Thiết kế: Khung nhựa phẳng Mặt lưng nhựa phẳng Kháng nước, bụi IP54 Cảm biến vân tay cạnh bên"
Điện thoại Samsung Galaxy A04E (Chính hãng),2.220.000 ₫,2220000,2.999.000₫,2999000,https://mobilecity.vn/dien-thoai/samsung-galaxy-a04e-helio-p35.html,https://cdn.mobilecity.vn/mobilecity-vn/images/2023/02/samsung-galaxy-a04e-helio-p35-xanh.jpg.webp,Samsung Chính hãng,2026-04-27 11:48:07,"Màn hình: PLS LCD, tỷ lệ 20:9 6.5 inches, HD+ (720 x 1600 pixels) | Hệ điều hành: Android 12, One UI Core 4.1 | Camera sau: 13 MP, f/2.2, (góc rộng), AF 2 MP, f/2.4, (độ sâu) Quay phim: 1080p@30fps | Camera trước: 5 MP, f/2.2 Có quay phim | Bộ nhớ trong: 32-128GB | Thẻ SIM: 2 SIM, Nano SIM | Dung lượng pin: Li-Po 5000 mAh | Thiết kế: Thanh + cảm ứng"
Điện thoại Samsung Galaxy A07 Chính hãng (Helio G99),2.550.000 ₫,2550000,3.050.000₫,3050000,https://mobilecity.vn/dien-thoai/samsung-galaxy-a07-chinh-hang.html,https://cdn.mobilecity.vn/mobilecity-vn/images/2025/08/samsung-galaxy-a07-chinh-hang-bac.jpg.webp,Samsung Chính hãng,2026-04-27 11:48:07,"Màn hình: PLS LCD, 90Hz 6.7 inches, HD+ (720 x 1600 pixels) Tỷ lệ 20:9, mật độ điểm ảnh ~262 ppi | Hệ điều hành: Android 15, One UI 7 Hỗ trợ cập nhật 6 bản Android chính | Camera sau: 50 MP, f/1.8 (góc rộng), 1/2.76"", 0.64µm, PDAF 2 MP, f/2.4 (depth) Quay phim: 1080p@30/60fps | Camera trước: 8 MP, f/2.0 (góc rộng), 1/4.0"", 1.12µm Quay phim: 1080p@30fps | Bộ nhớ trong: 64-256GB, eMMC 5.1 | Thẻ SIM: 2 SIM Nano | Dung lượng pin: Li-Ion 5000 mAh Sạc nhanh 25W | Thiết kế: Khung nhựa phẳng Mặt lưng nhựa phẳng Kháng nước, bụi IP54 Cảm biến vân tay cạnh bên"
Điện thoại Samsung Galaxy A05s (Chính hãng - Snapdragon 680 4G),2.750.000 ₫,2750000,,0,https://mobilecity.vn/dien-thoai/samsung-galaxy-a05s-snapdragon-680-4g.html,https://cdn.mobilecity.vn/mobilecity-vn/images/2023/09/samsung-galaxy-a05s-xanh.jpg.webp,Samsung Chính hãng,2026-04-27 11:48:07,"Màn hình: PLS LCD 6.7 inches, Full HD+ (1080 x 2400 pixels) Tỷ lệ 20:9, mật độ điểm ảnh ~393 ppi | Hệ điều hành: Android 13, One UI | Camera sau: 50 MP, f/1.8, (góc rộng), AF 2 MP, f/2.4, (macro) 2 MP, f/2.4, (độ sâu) Quay phim: 1080p@30/60fps | Camera trước: 13 MP, f/2.0 Quay phim: 1080p@30fps | Bộ nhớ trong: 128GB, eMMC 5.1 | Thẻ SIM: 2 SIM, Nano SIM | Dung lượng pin: Li-Po 5000 mAh Sạc nhanh 25W | Thiết kế: Khung nhựa Mặt lưng phẳng Mặt trước kính phẳng"
Điện thoại Samsung Galaxy A13 (Chính hãng),2.900.000 ₫,2900000,3.650.000₫,3650000,https://mobilecity.vn/dien-thoai/samsung-galaxy-a13-chinh-hang.html,https://cdn.mobilecity.vn/mobilecity-vn/images/2022/03/samsung-galaxy-a13-chinh-hang-2.jpg.webp,Samsung Chính hãng,2026-04-27 11:48:07,"Màn hình: PLS TFT, 90Hz 6.5 inches, Full HD+ (720 x 1600 pixels) | Hệ điều hành: Android 12, One UI 4.1 | Camera sau: 50 MP, f/1.8, (góc rộng), PDAF 2 MP, f/2.4, (macro) 2 MP, f/2.4, (chiều sâu) Quay phịm: 1080p@30fps | Camera trước: 5 MP, f/2.0, (góc rộng) Quay phim: 1080p@30fps | Bộ nhớ trong: 64GB | Thẻ SIM: 1 SIM, Nano SIM | Dung lượng pin: Li-Po 5000 mAh Sạc nhanh 15W | Thiết kế: Thanh + Cảm ứng"
"Điện thoại Samsung Galaxy A04s (Chính hãng - Exynos 850, camera 50MP)",2.950.000 ₫,2950000,3.750.000₫,3750000,https://mobilecity.vn/dien-thoai/samsung-galaxy-a04s-chinh-hang.html,https://cdn.mobilecity.vn/mobilecity-vn/images/2022/09/galaxy-a04s-hong.png.webp,Samsung Chính hãng,2026-04-27 11:48:07,"Màn hình: PLS LCD, 90Hz, 400 nits, tỷ lệ 20:9 6.5 inches, HD+ (720 x 1600 pixels) | Hệ điều hành: Android 12, One UI Core 4 Được lên Android 13, One UI Core 5 | Camera sau: 50 MP, f/1.8 (góc rộng), PDAF 2 MP, f/2.4 (macro) 2 MP, f/2.4 (độ sâu) Quay phim: 1080p@30fps | Camera trước: 5 MP, f/2.2, (góc rộng) Quay phim: 720p@30fps | Bộ nhớ trong: 32-128GB, eMMC 5.1 | Thẻ SIM: 2 SIM, Nano SIM | Dung lượng pin: Li-Po 5000 mAh Sạc nhanh 15W (kèm máy) | Thiết kế: Thanh + Cảm ứng"
"Điện thoại Samsung Galaxy A13 4G (Chính hãng, Camera 50MP)",3.050.000 ₫,3050000,3.450.000₫,3450000,https://mobilecity.vn/dien-thoai/samsung-galaxy-a13-4g-chinh-hang-exynos-850.html,https://cdn.mobilecity.vn/mobilecity-vn/images/2022/11/samsung-galaxy-a13-4g-chinh-hang-exynos-850-be.jpg.webp,Samsung Chính hãng,2026-04-27 11:48:07,"Màn hình: PLS LCD, tỷ lệ 20:9 6.6 inches, Full HD+ (1080 x 2408 pixels) Corning Gorilla Glass 5 | Hệ điều hành: Android 12, One UI 4.1 | Camera sau: 50 MP, f/1.8, (góc rộng), PDAF 5 MP, f/2.2, 123˚ (góc siêu rộng) 2 MP, f/2.4, (macro) 2 MP, f/2.4, (depth) Quay phim: 1080p@30fps | Camera trước: 8 MP, f/2.2, (wide) Quay phim: 1080p@30fps | Bộ nhớ trong: 128GB, eMMC 5.1 | Thẻ SIM: 2 SIM, Nano SIM | Dung lượng pin: Li-Po 5000 mAh Sạc nhanh 15W | Thiết kế: Thanh + Cảm ứng"
Điện thoại Samsung Galaxy A50s Chính hãng (Exynos 9611),3.450.000 ₫,3450000,,0,https://mobilecity.vn/dien-thoai/samsung-galaxy-a50s-exynos-9611.html,https://cdn.mobilecity.vn/mobilecity-vn/images/2023/07/samsung-galaxy-a50s-exynos-9611-xanh.jpg.webp,Samsung Chính hãng,2026-04-27 11:48:07,"Màn hình: Super AMOLED 6.4 inches, FHD+ (1080 x 2340 pixels) Tỷ lệ 19.5:9 | Hệ điều hành: Android 11, One UI 3.1 | Camera sau: 48 MP, f/2.0, 26mm (rộng), PDAF 8 MP, f/2.2, (siêu rộng) 5 MP, f/2.2, (độ sâu) 4K@30fps, 1080p@30fps | Camera trước: 32 MP, f/2.0, (rộng) 4K@30fps, 1080p@30fps | Bộ nhớ trong: 64-128GB | Thẻ SIM: 2 SIM, Nano SIM | Dung lượng pin: Li-Po 4000 mAh Sạc nhanh 15W | Thiết kế: Thanh + Cảm ứng"
Điện thoại Samsung Galaxy A12 (Chính hãng),3.450.000 ₫,3450000,3.950.000₫,3950000,https://mobilecity.vn/samsung/samsung-galaxy-a12.html,https://cdn.mobilecity.vn/mobilecity-vn/images/2021/12/samsung-galaxy-a12-xanh-duong-1-2-org-1.jpg.webp,Samsung Chính hãng,2026-04-27 11:48:07,"Màn hình: PLS LCD, 60Hz 6.5 inches, HD+ (720 x 1600 pixels) Tỷ lệ, mật độ điểm ảnh ~270 ppi | Hệ điều hành: Android 10 Được cập nhật lên Android 11, One UI 3.1 | Camera sau: 48 MP, f/2.0, 26mm (góc rộng), AF 5 MP, f/2.2, 123˚ (góc siêu rộng) 2 MP, f/2.4 (macro) 2 MP, f/2.4 (đo độ sâu) Quay phim: 1080p@30fps | Camera trước: 8 MP, f/2.2 Quay phim: 1080p@30fps | Bộ nhớ trong: 32-128GB | Thẻ SIM: 2 SIM, Nano SIM | Dung lượng pin: Li-Po 5000 mAh Sạc nhanh 15W | Thiết kế: Khung nhựa bo cong Mặt lưng nhựa cong Cảm biến vân tay cạnh bên"
Điện thoại Samsung Galaxy M17 5G Chính hãng,3.750.000 ₫,3750000,3.990.000₫,3990000,https://mobilecity.vn/dien-thoai/samsung-galaxy-m17-5g-chinh-hang.html,https://cdn.mobilecity.vn/mobilecity-vn/images/2025/10/samsung-galaxy-m17-5g-moonlight-silver.jpg,Samsung Chính hãng,2026-04-27 11:48:07,"Màn hình: Super AMOLED, 90Hz, 1100 nits (HBM) 6.7 inches, Full HD+ (1080 x 2340 pixels) Tỷ lệ 19.5;9, mật độ điểm ảnh ~385 ppi Kính cường lực Corning Gorilla Victus | Hệ điều hành: Android 15, One UI 7 Hỗ trợ cập nhật 6 bản Android chính | Camera sau: 50 MP, f/1.8 (góc rộng), 1/2.76"", 0.64µm, AF, OIS 5 MP, f/2.2 (góc siêu rộng), 1/5.0"", 1.12µm 2 MP, f/2.2 (macro) Quay phim: 1080p@30fps, gyro-EIS | Camera trước: 13 MP, f/2.0, (góc rộng), 1/3.1"", 1.12µm Quay phim: 1080p@30fps | Bộ nhớ trong: 128GB | Thẻ SIM: 2 SIM Nano | Dung lượng pin: 5000 mAh Sạc nhanh 25W | Thiết kế: Khung nhựa phẳng Mặt lưng nhựa phẳng Màn hình giọt nước kính Gorilla Victus phẳng Kháng nước, bụi IP54"
Điện thoại Samsung Galaxy A52 (Chính hãng),3.950.000 ₫,3950000,,0,https://mobilecity.vn/dien-thoai/samsung-galaxy-a52-chinh-hang.html,https://cdn.mobilecity.vn/mobilecity-vn/images/2022/03/galaxya52-tim.png.webp,Samsung Chính hãng,2026-04-27 11:48:07,"Màn hình: Super AMOLED, 90Hz, 800 nits (HBM), tỷ lệ 20:9 6.5 inches, Full HD+ (1080 x 2400 pixels) Corning Gorilla Glass 5 Always-on display Cảm biến vân tay trong màn hình (quang học) | Hệ điều hành: Android 11, One UI 3.1 | Camera sau: 64 MP, f/1.8, 26mm (góc rộng), OIS 12 MP, f/2.2, 123˚ (góc siêu rộng) 5 MP, f/2.4, (macro) 5 MP, f/2.4, (độ sâu) Quay phim: 4K@30fps, 1080p@30/60fps; gyro-EIS | Camera trước: 32 MP, f/2.2, 26mm (góc rộng) Quay phim: 4K@30fps, 1080p@30fps | Bộ nhớ trong: 128-256GB | Thẻ SIM: 2 SIM, Nano SIM | Dung lượng pin: Li-Po 4500 mAh Sạc nhanh 25W, 50% trong 30 phút (quảng cáo) | Thiết kế: Thanh + Cảm ứng"
Điện thoại Samsung Galaxy M16 5G Chính hãng,3.990.000 ₫,3990000,,0,https://mobilecity.vn/dien-thoai/samsung-galaxy-m16-5g-chinh-hang.html,https://cdn.mobilecity.vn/mobilecity-vn/images/2024/12/samsung-galaxy-m16-ro-ri-01.jpg.webp,Samsung Chính hãng,2026-04-27 11:48:07,"Màn hình: Super AMOLED, 90Hz, 800 nits (HBM) 6.5 inches, Full HD+ (1080 x 2340 pixels) | Hệ điều hành: Android 15, One UI 7 | Camera sau: 50 MP (góc rộng), AF 5 MP (góc siêu rộng) 2 MP (macro) Quay phim: 1080p@30fps, gyro-EIS | Camera trước: 13 MP (góc rộng) Quay phim: 1080p@30fps | Bộ nhớ trong: 128-256GB | Thẻ SIM: 2 SIM Nano | Dung lượng pin: 6000 mAh Sạc nhanh 15W | Thiết kế: Khung nhựa vuông vức Mặt lưng nhựa phẳng Cảm biến vân tay cạnh bên"
Điện thoại Xiaomi 15 5G - Chính hãng Việt Nam (Snapdragon 8 Elite),15.250.000 ₫,15250000,16.950.000₫,16950000,https://mobilecity.vn/dien-thoai/xiaomi-15-5g-sieu-manh.html,https://cdn.mobilecity.vn/mobilecity-vn/images/2024/10/xiaomi-15-tim.jpg.webp,Xiaomi,2026-04-27 11:49:31,"Màn hình: LTPO AMOLED, 68 tỷ màu, 120Hz, Dolby Vision, HDR10+, 3200 nits (peak) 6.36 inches, 1.5K (1200 x 2670 pixels) Tỷ lệ 20:9, mật độ điểm ảnh ~460 ppi Kính bảo vệ Shatterproof | Hệ điều hành: Android 15, HyperOS 2 | Camera sau: 50 MP, f/1.6, 23mm (góc rộng), dual pixel PDAF, OIS 50 MP, f/2.0, 60mm (tele), PDAF (10cm - ∞), OIS, zoom quang 3x 50 MP, f/2.2, 14mm, 115˚ (góc siêu rộng) Quay phim: 8K@24/30fps (HDR), 4K@24/30/60fps (HDR10+, 10-bit Dolby Vision HDR, 10-bit LOG), 1080p@30/60/120/240/960fps, 720p@1920fps, gyro-EIS | Camera trước: 32 MP, f/2.0, 22mm (góc rộng), HDR, panorama Quay phim: 4K@30/60fps, 1080p@30/60fps, gyro-EIS | Bộ nhớ trong: 256GB-1TB, UFS 4.0 | Thẻ SIM: 2 SIM, Nano SIM | Dung lượng pin: Si/C 5400/5240 mAh Sạc nhanh 90W Sạc không dây 50W Sạc ngược không dây 10W | Thiết kế: Khung hợp kim nhôm (6M42) phẳng Mặt lưng kính phẳng Màn hình phẳng + cảm biến vân tay siêu âm Kháng nước, bụi IP68"
Điện thoại Xiaomi Redmi Note 14 Pro Plus Chính hãng (Camera 200MP),6.750.000 ₫,6750000,,0,https://mobilecity.vn/dien-thoai/xiaomi-redmi-note-14-pro-plus-chinh-hang.html,https://cdn.mobilecity.vn/mobilecity-vn/images/2026/04/xiaomi-redmi-note-14-pro-plus-chinh-hang-99-4.jpg,Xiaomi,2026-04-27 11:49:31,"Màn hình: AMOLED, 68 tỷ màu, 120Hz, HDR10+, Dolby Vision, 3000 nits (peak) 6.67 inches, 1.5K (1220 x 2712 pixels) Tỷ lệ 20:9, mật độ điểm ảnh ~446 ppi Always-on Display | Hệ điều hành: Android 14, HyperOS Hỗ trợ cập nhật lên Android 16 | Camera sau: 50 MP, f/1.6 (góc rộng), 1/1.55"", 1.0µm, PDAF, OIS 8 MP, f/2.2, 120˚ (góc siêu rộng), 1/4.0"", 1.12µm 2 MP (macro) Quay phim: 4K@24/30fps, 1080p@30/60/120fps, gyro-EIS, OIS | Camera trước: 20 MP (góc rộng) HDR, panorama Quay phim: 1080p@30/60fps | Bộ nhớ trong: 256-512GB UFS2.2 | Thẻ SIM: 2 nano SIM hoặc 1 nano SIM + 1 eSIM | Dung lượng pin: 5110 mAh Sạc nhanh 120W | Thiết kế: Khung nhựa bo cong Mặt lưng nhựa bo cong Màn hình cong + Cảm biến vân tay dưới màn hình Kháng nước, bụi IP68/IP69K (ngâm dưới nước 2m trong 24 giờ)"
Điện thoại Xiaomi 17 Pro 5G (Snapdragon 8 Elite Gen 5 - Pin 6300mAh),18.650.000 ₫,18650000,20.950.000₫,20950000,https://mobilecity.vn/dien-thoai/xiaomi-17-pro-5g.html,https://cdn.mobilecity.vn/mobilecity-vn/images/2025/09/xiaomi-17-pro-tim.jpg.webp,Xiaomi,2026-04-27 11:49:31,"Màn hình: LTPO AMOLED, 68 tỷ màu, 2160Hz PWM, 120Hz, Dolby Vision, HDR Vivid, HDR10+, 3500 nits (peak) 6.3 inches, 1.5K (1220 x 2656 pixels) Tỷ lệ 19.5:9, mật độ điểm ảnh ~464 ppi Kính Xiaomi Dragon Crystal Màn phụ (sau): LTPO AMOLED, 120Hz, Dolby Vision, HDR Vivid, HDR10+, 3500 nits (peak) 2.7 inches, 572 x 904 pixels | Hệ điều hành: Android 16, HyperOS 3 | Camera sau: 50 MP, f/1.7, 23mm (góc rộng), 1/1.28"", 1.22µm, dual pixel PDAF, OIS 50 MP, f/3.0, 115mm (tele tiềm vọng), PDAF (20cm - ∞), OIS, zoom quang 5x 50 MP, f/2.4, 17mm, 102˚ (góc siêu rộng), 1/2.76"", 0.64µm Quay phim: 8K@30fps (HDR), 4K@30/60/120fps (HDR10+, 10-bit Dolby Vision HDR, 10-bit LOG), 1080p@30/60/120/240/960fps, 720p@1920fps, gyro-EIS | Camera trước: 50 MP, f/2.2, 21mm (góc rộng), PDAF, HDR, panorama Quay phim: 4K@30/60fps, 1080p@30/60fps, HDR10+, gyro-EIS | Bộ nhớ trong: 256GB-1TB, UFS 4.1 | Thẻ SIM: 2 SIM Nano | Dung lượng pin: Si/C Li-Ion 6300 mAh Sạc siêu nhanh 100W, PD3.0, QC3+, 100W PPS Sạc không dây 50W Sạc ngược không dây 22.5W | Thiết kế: Khung nhôm phẳng 2 mặt kính Dragon Crystal phẳng Kháng nước, bụi IP68 Cảm biến vân tay siêu âm dưới màn hình"
Điện thoại Xiaomi 17 Pro Max (Snapdragon 8 Elite Gen 5 - Pin 7500mAh),22.650.000 ₫,22650000,24.950.000₫,24950000,https://mobilecity.vn/dien-thoai/xiaomi-17-pro-max-5g.html,https://cdn.mobilecity.vn/mobilecity-vn/images/2025/09/xiaomi-17-pro-max-xanh-la.jpg.webp,Xiaomi,2026-04-27 11:49:31,"Màn hình: LTPO AMOLED, 68 tỷ màu, 120Hz, 2160Hz PWM, Dolby Vision, HDR Vivid, HDR10+, 3500 nits (peak) 6.9 inches, 1.5K (1200 x 2608 pixels) Tỷ lệ 19.5:9, mật độ điểm ảnh ~416 ppi Kính Xiaomi Dragon Crystal 3 Màn phụ (sau): LTPO AMOLED, 120Hz, Dolby Vision, HDR Vivid, HDR10+, 3500 nits (peak) 2.9 inches, 596 x 976 pixels | Hệ điều hành: Android 16, HyperOS 3 | Camera sau: 50 MP, f/1.7, 23mm (góc rộng), 1/1.28"", 1.22µm, dual pixel PDAF, OIS 50 MP, f/2.6, 115mm (tele tiềm vọng), 1/2.0"", PDAF (30cm - ∞), OIS, zoom quang 5x 50 MP, f/2.4, 17mm, 102˚ (góc siêu rộng), 1/2.76"", 0.64µm Quay phim: 8K@30fps (HDR), 4K@30/60/120fps (HDR10+, 10-bit Dolby Vision HDR, 10-bit LOG), 1080p@30/60/120/240/960fps, 720p@1920fps, gyro-EIS | Camera trước: 50 MP, f/2.2, 21mm (góc rộng), PDAF, HDR, panorama Quay phim: 4K@30/60fps, 1080p@30/60fps, HDR10+, gyro-EIS | Bộ nhớ trong: 256GB-1TB, UFS 4.1 | Thẻ SIM: 2 SIM Nano | Dung lượng pin: Si/C Li-Ion 7500 mAh Sạc siêu nhanh 100W, PD3.0, QC3+, 100W PPS Sạc không dây 50W Sạc ngược không dây 22.5W | Thiết kế: Khung nhôm phẳng 2 mặt kính cường lực phẳng Kháng nước, bụi IP68 Cảm biến vân tay siêu âm dưới màn hình"
Điện thoại Xiaomi Mi 11 Lite 5G Chính hãng DGW (Kèm sạc 33W),7.950.000 ₫,7950000,8.800.000₫,8800000,https://mobilecity.vn/xiaomi/xiaomi-mi-11-lite-5g-chinh-hang.html,https://cdn.mobilecity.vn/mobilecity-vn/images/2021/11/xiaomi-mi-11-lite-5g-chinh-hang-xanh.jpg.webp,Xiaomi,2026-04-27 11:49:31,"Màn hình: AMOLED, 6.55 inches, 90Hz, HDR10+ 6.55 inches Full HD+ (1080 x 2400 pixels), tỷ lệ: 20:9 Corning Gorilla Glass 6 | Hệ điều hành: Android 11, MIUI 12.5 | Camera sau: 64 MP, f/1.8 (góc rộng), 26mm, PDAF 8 MP, f/2.2 (góc siêu rộng), 119˚ 5 MP, f/2.4 (macro), AF Quay phim: 4K@30fps, 1080p@30/60/120fps; gyro-EIS | Camera trước: 20 MP, f/2.2 (góc rộng), 27mm Quay phim: 1080p@30/60fps, 720p@120fps | Bộ nhớ trong: 64-256GB, UFS 2.2 | Thẻ SIM: 2 SIM, Nano SIM | Dung lượng pin: Li-Po 4250 mAh Sạc nhanh 33W Quick Charge 4+ Power Delivery 3.0 | Thiết kế: Thanh + Cảm ứng"
Điện thoại Xiaomi 13T Chính hãng DGW (Dimensity 8200 Ultra),9.450.000 ₫,9450000,11.450.000₫,11450000,https://mobilecity.vn/dien-thoai/xiaomi-13t-chinh-hang-dimensity.html,https://cdn.mobilecity.vn/mobilecity-vn/images/2023/09/xiaomi-13t-xanh-la.jpg.webp,Xiaomi,2026-04-27 11:49:31,"Màn hình: AMOLED, 68 tỷ màu 144Hz, Dolby Vision, HDR10+, 1200 nits (HBM), 2600 nits (tối đa) 6.67 inches, 1.5K (1220 x 2712 pixels) Tỷ lệ 20:9, mật độ điểm ảnh ~446 ppi Corning Gorilla Glass 5 | Hệ điều hành: Android 13, MIUI 14 | Camera sau: 50 MP, f/1.9, 24mm (góc rộng), PDAF, OIS 50 MP, f/1.9, 50mm (tele), PDAF, zoom quang 2x 12 MP, f/2.2, 15mm (góc siêu rộng) Quay phim: 4K@30fps (HDR10+), 1080p@30/60/120fps, gyro-EIS | Camera trước: 20 MP, f/2.2 (wide), HDR Quay phim: 1080p@30fps, HDR10+ | Bộ nhớ trong: 256GB, UFS 3.1 | Thẻ SIM: 2 SIM, Nano SIM Hoặc Nano SIM và eSIM | Dung lượng pin: Li-Po 5000 mAh Sạc nhanh 67W, PD3.0, QC4 Sạc 100% pin trong 42 ph (QC) | Thiết kế: Khung nhựa Mặt lưng kính/da Kính trước Gorilla Glass 5 Kháng nước, bụi IP68"
Điện thoại Xiaomi 12T Chính hãng DGW,9.450.000 ₫,9450000,12.450.000₫,12450000,https://mobilecity.vn/dien-thoai/xiaomi-12t.html,https://cdn.mobilecity.vn/mobilecity-vn/images/2022/10/xiaomi-12t-bac.jpg.webp,Xiaomi,2026-04-27 11:49:31,"Màn hình: AMOLED, 68 tỷ màu, 120Hz, HDR10+ 6.67 inches, 1.5K (1220 x 2712 pixels), tỷ lệ 20:9 Corning Gorilla Glass 5 Cảm biến vân tay trong màn hình | Hệ điều hành: Android 12, MIUI 13 | Camera sau: 108 MP, f/1.7, 83.6° (góc rộng), PDAF, OIS 8 MP, f/2.2, 120˚ (góc siêu rộng) 2 MP, f/2.4, (macro) Quay phim: 4K@30fps, 1080p@30/60fps | Camera trước: 20 MP, f/2.2, (góc rộng) Quay phim: 1080p@30/60fps | Bộ nhớ trong: 128-256GB | Thẻ SIM: 2 SIM, Nano SIM | Dung lượng pin: Li-Po 5000 mAh Sạc nhanh 120W, 100% trong 19 phút (Quảng cáo) | Thiết kế: Thanh + Cảm ứng"
Điện thoại Xiaomi 12 Pro (Dimensity 9000 Plus),9.750.000 ₫,9750000,10.450.000₫,10450000,https://mobilecity.vn/dien-thoai/xiaomi-12-pro-dimensity-9000-plus.html,https://cdn.mobilecity.vn/mobilecity-vn/images/2022/07/xiaomi-12-pro-dimensity-9000-plus-ava-1-1.jpg.webp,Xiaomi,2026-04-27 11:49:31,"Màn hình: LTPO 2.0 AMOLED, 120Hz, HDR10+ 6.73 inches QuadHD+ (1440 x 3200 pixels), tỉ lệ 20:9 | Hệ điều hành: Android 12, MIUI 13 | Camera sau: 50 MP, f/1.9 (góc rộng), Dual Pixel PDAF, OIS 5 MP, f/2.4 (tele), PDAF, 2x zoom 13 MP, f/2.4, 123˚ (góc siêu rộng) Quay phim: 8K@24fps, 4K@30/60fps, 1080p@30/60/120/240/960fps | Camera trước: 32 MP (góc rộng) Quay phim: 1080p@30/60fps, 720p@120fps | Bộ nhớ trong: Không giới hạn | Thẻ SIM: 2 SIM | Dung lượng pin: Li-Po 5160 mAh sạc nhanh 67W | Thiết kế: Thanh + cảm ứng"
Điện thoại Xiaomi CIVI (Snap 778G),9.950.000 ₫,9950000,10.250.000₫,10250000,https://mobilecity.vn/xiaomi/xiaomi-civi.html,https://cdn.mobilecity.vn/mobilecity-vn/images/2021/10/xiaomi-civi-4.jpg.webp,Xiaomi,2026-04-27 11:49:31,"Màn hình: 6.55 inches AMOLED, Full HD+ (1080 x 2340 pixels), Corning Gorilla Glass 5, 1 tỷ màu, 120Hz, HDR10 | Hệ điều hành: Android 11, MIUI 12.5 | Camera sau: 64 MP, f / 1.8, 26mm (góc rộng), 1 / 1.97 "", 0,7µm, PDAF 8 MP, f / 2.2, (góc siêu rộng), 1 / 4.0"", 1,12µm 5 MP, f / 2.4, 50mm (macro, góc chụp zoom, tele), 1 / 5.0 "", 1.12µm, AF Quay phim: 4K@30fps, 1080p@30/60/120fps; gyro-EIS | Camera trước: 32 MP, f/2.5, (wide) Quay phim: 1080p@30/60fps, 720p@120fps | Bộ nhớ trong: 128-256GB | Thẻ SIM: 2 SIM (Nano-SIM, dual stand-by) | Dung lượng pin: Li-Po 4500 mAh, Sạc nhanh 55W | Thiết kế: Thiết kế 2 mặt kính, màn hình đục lỗ camera trước"
Điện thoại Xiaomi CIVI 5 Pro (Snapdragon 8s Gen 4),10.850.000 ₫,10850000,,0,https://mobilecity.vn/dien-thoai/xiaomi-civi-5-pro-5g.html,https://cdn.mobilecity.vn/mobilecity-vn/images/2025/05/xiaomi-civi-5-pro-hong.jpg.webp,Xiaomi,2026-04-27 11:49:31,"Màn hình: AMOLED, 68 tỷ màu, 120Hz, Dolby Vision, HDR10+, HDR Vivid, 3200 nits (peak) 6.55 inches, 1.5K (1236 x 2750 pixels) Tỷ lệ 20:9, mật độ điểm ảnh ~460 ppi | Hệ điều hành: Android 15, HyperOS 2.0 | Camera sau: 50 MP, f/1.6, 25mm (góc rộng), 1/1.55"", 1.0µm, PDAF, OIS 50 MP, f/2.0, 60mm (tele), PDAF, (10cm - ∞), zoom quang 2.5x 12 MP, f/2.2, 15mm, 120˚ (góc siêu rộng), 1.12µm, AF Quay phim: 4K@30/60fps, 1080p@30/60/120/240/960fps, HDR, gyro-EIS | Camera trước: 50 MP, f/2.0 (góc rộng), 0.64µm, PDAF HDR, panorama Quay phim: 4K@30/60fps, 1080p@30/60fps; gyro-EIS | Bộ nhớ trong: 256-512GB, UFS 4.0 | Thẻ SIM: 2 SIM Nano | Dung lượng pin: Si/C Li-Ion 6000 mAh Sạc nhanh 67W, PD3.0, QC3+ | Thiết kế: Khung viền kim loại phẳng Mặt lưng kính/da phẳng Màn hình cong nhẹ 2.5D Vân tay quang học dưới màn hình"
Điện thoại Xiaomi CIVI 6 (Snapdragon 8s Gen 5 - Pin 6500mAh),10.950.000 ₫,10950000,,0,https://mobilecity.vn/dien-thoai/xiaomi-civi-6.html,https://cdn.mobilecity.vn/mobilecity-vn/images/2025/08/xiaomi-civi-6-minh-hoa-1.jpg.webp,Xiaomi,2026-04-27 11:49:31,"Màn hình: AMOLED, 68 tỷ màu, 120Hz 6.6 inches, 1.5K (1236 x 2750 pixels) | Hệ điều hành: Android 16, HyperOS 3.0 | Camera sau: 50 MP, f/1.6-f/2.2, 25mm (góc rộng), PDAF, OIS 50 MP, f/2.0, 60mm (tele), PDAF 12 MP (góc siêu rộng) Quay phim: 4K, 1080p, HDR, gyro-EIS | Camera trước: 50 MP (góc rộng), PDAF HDR, panorama Quay phim: 4K, 1080p; gyro-EIS | Bộ nhớ trong: 256-512GB, UFS 4.1 | Thẻ SIM: 2 SIM Nano | Dung lượng pin: Si/C Li-Ion 6500 mAh Sạc nhanh 67W | Thiết kế: "
Điện thoại Xiaomi 12S Pro,10.950.000 ₫,10950000,9.450.000₫,9450000,https://mobilecity.vn/dien-thoai/xiaomi-12s-pro.html,https://cdn.mobilecity.vn/mobilecity-vn/images/2022/07/xiaomi-12s-pro-trang.jpg.webp,Xiaomi,2026-04-27 11:49:31,"Màn hình: LTPO AMOLED, 1 tỷ màu, 120Hz, Dolby Vision, HDR10+, 1500 nits 6.73 inches, 2K+ (1440 x 3200 pixels) Corning Gorilla Glass Victus | Hệ điều hành: Android 12, MIUI 13 | Camera sau: 50 MP, f/1.9, 24mm (góc rộng), Dual Pixel PDAF, OIS 50 MP, f/1.9, 48mm (telephoto), PDAF, zoom quang học 2x 50 MP, f/2.2, 115˚ (góc siêu rộng) Quay phim: 8K@24fps (HDR), 4K@30/60fps (HDR10+), 1080p@30/120/240/960fps, 720p@1920fps, gyro-EIS | Camera trước: 32 MP, f/2.5, 26mm (góc rộng) Quay phim: 1080p@30/60fps, 720p@120fps, HDR10+ | Bộ nhớ trong: 128-512GB | Thẻ SIM: 2 SIM, Nano SIM | Dung lượng pin: Li-Po 4600 mAh Sạc nhanh 120W, 100% trong 19 phút (Quảng cáo) Sạc nhanh không dây 50W Sạc ngược không dây 10W | Thiết kế: Thanh + Cảm ứng"
Điện thoại Xiaomi 12S (Snapdragon 8+ Gen 1),10.950.000 ₫,10950000,14.950.000₫,14950000,https://mobilecity.vn/dien-thoai/xiaomi-12s.html,https://cdn.mobilecity.vn/mobilecity-vn/images/2022/07/xiaomi-12s-mau-xanh-ngoc.jpg.webp,Xiaomi,2026-04-27 11:49:31,"Màn hình: AMOLED. 68 tỷ màu, 120Hz, Dolby Vision, HDR10+ 6,28 inch, Full HD+ (1080 x 2400 pixel) Corning Gorilla Glass Victus | Hệ điều hành: Android 12, MIUI 13 | Camera sau: 50 MP, f/1.9 (góc rộng), PDAF, OIS 13 MP, f/2.4 (góc siêu rộng) 5 MP, f/2.4 (telephoto macro), AF Quay phim: 8K@24fps (HDR), 4K@30/60fps (HDR10+), 1080p@30/120/240/960fps, 720p@1920fps, gyro-EIS | Camera trước: 32 MP, f/2.5, (góc rộng) Quay phim: 1080p@30/60fps, 720p@120fps, HDR | Bộ nhớ trong: 128-512GB UFS 3.1 | Thẻ SIM: 2 SIM, Nano SIM | Dung lượng pin: Li-Po 4500 mAh Sạc nhanh 67W, 100% trong 42 ph (quảng cáo) Sạc nhanh không dây 50W, 100% trong 57 ph (quảng cáo) Sạc ngược 10W | Thiết kế: Màn hình cong Khung kim loại Mặt lưng kính/da Kính trước Gorilla Victus"
Điện thoại Xiaomi REDMI K90 Max (Dimensity 9500 - Quạt tản nhiệt),11.650.000 ₫,11650000,,0,https://mobilecity.vn/dien-thoai/xiaomi-redmi-k90-max-quat-tan-nhiet.html,https://cdn.mobilecity.vn/mobilecity-vn/images/2026/04/xiaomi-redmi-k90-max-quat-tan-nhiet-0-1.jpg,Xiaomi,2026-04-27 11:49:31,"Màn hình: AMOLED, 165Hz, Dolby Vision, HDR Vivid, HDR10+, 3500 nits (peak) 6.85 inches, 1.5K (1280 x 2772 pixels) Kính Xiaomi Dragon Crystal | Hệ điều hành: Android 16, HyperOS 3.0 | Camera sau: 50 MP, f/1.7, 23mm (góc rộng), dual pixel PDAF, OIS 8 MP, f/2.4, 18mm, 102˚ (góc siêu rộng) Quay phim: 8K@30fps, 4K@30/60fps, 1080p@30/60/120/240/960fps, 720p@1920fps, gyro-EIS, HDR10+ | Camera trước: 20 MP (góc rộng) Quay phim: 4K@30fps, 1080p@30/60fps | Bộ nhớ trong: 256GB-1TB, UFS 4.1 | Thẻ SIM: 2 Nano SIM | Dung lượng pin: Si/C Li-Ion 8550mAh Sạc siêu nhanh 100W Sạc ngược có dây 22.5W | Thiết kế: Khung viền nhôm phẳng Mặt lưng kính Cảm biến vân tay siêu âm dưới màn hình Kháng nước, bụi IP66/IP68/IP69"
Điện thoại Xiaomi 12T Pro Chính hãng DGW (Camera 200MP),12.850.000 ₫,12850000,14.450.000₫,14450000,https://mobilecity.vn/dien-thoai/xiaomi-12t-pro.html,https://cdn.mobilecity.vn/mobilecity-vn/images/2022/10/xiaomi-12t-pro-bac.png.webp,Xiaomi,2026-04-27 11:49:31,"Màn hình: AMOLED, 68 tỷ màu, 120Hz, Dolby Vision, HDR10+, 900 nits (tối đa) 6.67 inches, 1.5K (1220 x 2712 pixels), tỷ lệ 20:9 Corning Gorilla Glass 5 | Hệ điều hành: Android 12, MIUI 13 | Camera sau: 200 MP, f/1.7 (góc rộng), PDAF, OIS 8 MP, f/2.2, 120˚ (góc siêu rộng) 2 MP, f/2.4 (macro) Quay phim: 8K@24fps, 4K@30/60fps, 1080p@30/60/120/240fps, HDR10+ | Camera trước: 20 MP, f/2.2, (góc rộng) Quay phim: 1080p@30/60fps, HDR | Bộ nhớ trong: 128-256GB, UFS 3.1 | Thẻ SIM: 2 SIM, 2 Nano SIM | Dung lượng pin: Li-Po 5000 mAh Sạc nhanh 120W, 100% trong 19 phút (quảng cáo) | Thiết kế: Thanh + Cảm ứng Kháng nước, bụi IP53 Cảm biến vân tay trong màn hình"
Điện thoại Xiaomi 17T,12.950.000 ₫,12950000,,0,https://mobilecity.vn/dien-thoai/xiaomi-17t-dimensity8500.html,https://cdn.mobilecity.vn/mobilecity-vn/images/2026/04/xiaomi-17t-dimensity8500-5.jpg,Xiaomi,2026-04-27 11:49:31,"Màn hình: AMOLED, 68 tỷ màu, 120Hz, 3840Hz PWM, Dolby Vision, HDR10+, 3200 nits (peak) 6.83 inches, 1.5K (1220 x 2712 pixels) Tỷ lệ 20:9, mật độ điểm ảnh ~435 ppi Corning Gorilla Glass 7i | Hệ điều hành: Android 16, HyperOS 3 | Camera sau: 50 MP, f/1.7, 23mm (góc rộng), 1/1.56"", 1.0µm, PDAF, OIS 50 MP, f/1.9, 46mm (telephoto), 1/2.76"", 0.64µm, PDAF, zoom quang 2x 12 MP, f/2.2, 15mm, 120˚ (góc siêu rộng) Quay phim: 4K@30/60fps, 1080p@30/60/120/240fps, gyro-EIS, 10-bit Rec. 2020, HDR10+ | Camera trước: 32 MP, f/2.2, 21mm (góc rộng) 1/3.44"", 0.64µm Quay phim: 4K@30fps, 1080p@30/60fps, HDR10+ | Bộ nhớ trong: 256-512GB,UFS 4.1 | Thẻ SIM: 1 SIM Nano + 1 eSIM Hoặc 2 SIM Nano | Dung lượng pin: 7500 mAh Sạc nhanh 100W, PD3.0 | Thiết kế: Khung nhựa phẳng Mặt lưng sợi thủy tinh phẳng Kháng nước, bụi IP68 Cảm biến vân tay quang học dưới màn hình"
Điện thoại Xiaomi 14 CIVI 5G (Snapdragon 8s Gen 3),13.550.000 ₫,13550000,,0,https://mobilecity.vn/dien-thoai/xiaomi-14-civi-5g-man-amoled-68-ty-mau.html,https://cdn.mobilecity.vn/mobilecity-vn/images/2024/06/xiaomi-14-civi-5g-xanh-la.jpg.webp,Xiaomi,2026-04-27 11:49:31,"Màn hình: LTPO AMOLED, 68 tỷ màu, 120Hz, Dolby Vision, HDR10+, 3000 nits (tối đa) 6.55 inches, 1.5K (1236 x 2750 pixels) Tỷ lệ 20:9, mật độ điểm ảnh ~460 ppi | Hệ điều hành: Android 14, HyperOS | Camera sau: 50 MP, f/1.6, 25mm (góc rộng), PDAF, OIS 50 MP, f/2.0, 50mm (telephoto), PDAF, zoom quang 2x 12 MP, f/2.2, 15mm, 120˚ (góc siêu rộng) Quay phim: 4K@24/30/60fps, 1080p@30/60/120/240/960fps, 720p@1920fps, gyro-EIS | Camera trước: 32 MP, f/2.0, 26mm (wide), AF 32 MP, f/2.4, 100˚ (ultrawide) Quay phim: 4K@30fps, 1080p@30/60fps; gyro-EIS | Bộ nhớ trong: 256-512GB, UFS 4.0 | Thẻ SIM: 2 SIM, Nano SIM | Dung lượng pin: Li-Po 4700 mAh Sạc nhanh 67W, PD3.0 Sạc 100% trong 40 ph (QC) | Thiết kế: Khung nhôm phẳng Mặt lưng kính/da tổng hợp Kính trước Gorilla Glass Victus 2"
Điện thoại Xiaomi 14 Chính hãng (5G - Camera Leica nghệ thuật),14.750.000 ₫,14750000,19.990.000₫,19990000,https://mobilecity.vn/dien-thoai/xiaomi-14-chinh-hang.html,https://cdn.mobilecity.vn/mobilecity-vn/images/2024/03/xiaomi-14-chinh-hang-xanh.jpg.webp,Xiaomi,2026-04-27 11:49:31,"Màn hình: LTPO AMOLED, 68 tỷ màu, 120Hz, Dolby Vision, HDR10+, HBM 1000 nit (thông thường), 3000 nit ( tối đa) 6.36 inches, 1.5K (1200 x 2670 pixels) Tỷ lệ 20:9, mật độ điểm ảnh ~460 ppi Corning Gorilla Glass Victus | Hệ điều hành: Android 14, Xiaomi HyperOS | Camera sau: 50 MP (Leica Light Fusion 900), f/1.6, 23mm (góc rộng), PDAF, Laser AF, OIS 50 MP, f/2.0, 75mm (tele), PDAF (10cm - ∞), OIS, 3.2x optical zoom 50 MP, f/2.2, 14mm, 115˚ (góc siêu rộng) Quay phim: 8K@24fps (HDR), 4K@24/30/60fps (HDR10+, 10-bit Dolby Vision HDR, 10-bit LOG), 1080p@30/60/120/240/960fps, 720p@1920fps, gyro-EIS | Camera trước: 32 MP, f/2.0, 22mm (góc rộng), 0.7µm HDR, panorama, Chế độ ban đêm Quay phim: 4K@30/60fps, 1080p@30/60fps, gyro-EIS | Bộ nhớ trong: 256-512GB, UFS 4.0 | Thẻ SIM: Hai SIM (nano SIM + nano SIM hoặc nano SIM + eSIM) | Dung lượng pin: 4610 mAh Sạc nhanh 90W (Xiaomi Surge); 100% trong 31ph (Chế độ Tăng cường) Sạc không dây 50W; 100% trong 46ph Hỗ trợ Sạc ngược không dây | Thiết kế: Vuông vức; khung nhôm Mặt lưng kính; Kính trước Corning Gorilla Glass Victus Kháng nước, bụi IP68 Cảm biến vân tay dưới màn hình Mở khóa bằng khuôn mặt AI"
Điện thoại Xiaomi 12S Ultra,14.950.000 ₫,14950000,16.450.000₫,16450000,https://mobilecity.vn/dien-thoai/xiaomi-12s-ultra.html,https://cdn.mobilecity.vn/mobilecity-vn/images/2022/07/xiaomi-12s-ultra-black.jpg.webp,Xiaomi,2026-04-27 11:49:31,"Màn hình: LTPO2 AMOLED, 1 tỷ màu, 120Hz, Dolby Vision, HDR10+, 1500 nits (tối đa) 6.73 inches, Quad HD+ (1440 x 3200 pixels) Corning Gorilla Glass Victus | Hệ điều hành: Android 12, MIUI 13 | Camera sau: 50.3 MP, f/1.9, 23mm (góc rộng), kích thước 1"", Dual Pixel PDAF, Laser AF, OIS 48 MP, f/2.2, 13mm, 128˚ (góc siêu rộng), Dual-Pixel PDAF 48 MP, f/4.1, 120mm (kính tiềm vọng tele), PDAF, OIS, 5x optical zoom TOF 3D (độ sâu) Quay phim: 8K@24fps, 4K@30/60fps, 1080p@30/60/120/240fps, 720p@3840fps, gyro-EIS, Dolby Vision HDR 10-bit rec. (4K, 1080p) | Camera trước: 32 MP, f/2.5 (góc rộng) Quay phim: 1080p@30/60fps, 720p@120fps, HDR10+ | Bộ nhớ trong: 256-512GB UFS 3.1 | Thẻ SIM: Nano SIM, 2 SIM | Dung lượng pin: Li-Po 4860 mAh Sạc nhanh 67W, 100% trong 41ph (Quảng cáo) Sạc không dây 50W, 100% trong 52 ph Sạc ngược không dây 10W | Thiết kế: Khung kim loại, mặt lưng da Màn hình cong tràn viền Kính trước Gorilla Victus Chống nước, bụi IP68"
Điện thoại Xiaomi 16 (Snapdragon 8 Elite 2 - Pin 7000mAh),15.250.000 ₫,15250000,,0,https://mobilecity.vn/dien-thoai/xiaomi-16-5g.html,https://cdn.mobilecity.vn/mobilecity-vn/images/2025/08/xiaomi-16-anh-ro-ri.jpg,Xiaomi,2026-04-27 11:49:31,"Màn hình: OLED, 1 tỷ màu, 120Hz 6.39 inches, 1.5K (1200 x 2670 pixels) | Hệ điều hành: Android 16, HyperOS 3.0 | Camera sau: 50 MP (góc rộng), dual pixel PDAF, OIS 50 MP (tele), PDAF (10cm - ∞), OIS, zoom quang 3x 50 MP (góc siêu rộng) Quay phim: 8K, 4K, 1080p, 720p@1920fps, gyro-EIS | Camera trước: 32 MP (góc rộng), HDR, panorama Quay phim: 4K, 1080p, gyro-EIS | Bộ nhớ trong: 256GB-1TB, UFS 4.1 | Thẻ SIM:  | Dung lượng pin: Si/C 7000 mAh Sạc nhanh 100W | Thiết kế: "
Điện thoại Xiaomi Redmi A1+ (Cảm biến vân tay - Pin 5000mAh),2.750.000 ₫,2750000,2.999.000₫,2999000,https://mobilecity.vn/dien-thoai/xiaomi-redmi-a1-plus-van-tay.html,https://cdn.mobilecity.vn/mobilecity-vn/images/2023/01/xiaomi-redmi-a1-plus-xanh-la.jpg.webp,Redmi,2026-04-27 11:50:53,"Màn hình: IPS LCD, 400 nits (typ), tỷ lệ 20:9 6.52 inches, HD+ (720 x 1600 pixels) | Hệ điều hành: Android 12 (Go edition), MIUI 12 | Camera sau: 8 MP, f/2.0, (wide) 0.08 MP (depth) Quay phim: 1080p@30fps | Camera trước: 5 MP, f/2.2 Quay phim: 1080p@30fps | Bộ nhớ trong: 32GB, eMMC 5.1 | Thẻ SIM: 2 SIM, Nano SIM | Dung lượng pin: Li-Po 5000 mAh Sạc 10W | Thiết kế: Thanh + Cảm ứng"
Điện thoại Xiaomi Redmi Note 13 5G China (Dimensity 6080),3.550.000 ₫,3550000,4.950.000₫,4950000,https://mobilecity.vn/dien-thoai/xiaomi-redmi-note-13-gia-re.html,https://cdn.mobilecity.vn/mobilecity-vn/images/2023/09/xiaomi-redmi-note-13-5g-trang.jpg.webp,Redmi,2026-04-27 11:50:53,"Màn hình: AMOLED, 1 tỷ màu, 120Hz, 1000 nits (tối đa) 6.67 inches, Full HD+ (1080 x 2400 pixels) Tỷ lệ 20:9; Mật độ điểm ảnh ~395 ppi Corning Gorilla Glass 5 | Hệ điều hành: Android 13, MIUI 14 | Camera sau: 108 MP, f/1.7 (góc rộng), PDAF 2 MP, f/2.4 (độ sâu) Quay phim: 1080p@30fps | Camera trước: 16 MP (góc rộng), HDR Quay phim: 1080p@30fps | Bộ nhớ trong: 128-256GB, UFS 2.2 | Thẻ SIM: 2 SIM, Nano SIM | Dung lượng pin: Li-Po 5000 mAh Sạc nhanh 33W | Thiết kế: Khung nhựa vuông vức Mặt lưng nhựa Kính trước Corning Gorilla Glass 5 Kháng nước, bụi IP54"
Điện thoại Xiaomi Redmi Note 13 Pro 5G (Snapdragon 7s Gen 2),3.950.000 ₫,3950000,5.950.000₫,5950000,https://mobilecity.vn/dien-thoai/xiaomi-redmi-note-13-pro-cau-hinh-manh.html,https://cdn.mobilecity.vn/mobilecity-vn/images/2023/09/xiaomi-redmi-note-13-pro-5g-trang.jpg.webp,Redmi,2026-04-27 11:50:53,"Màn hình: AMOLED, 68 tỷ màu, 120Hz, Dolby Vision, 500 nits (typ), 1200 nits (HBM), 1800 nits (peak) 6.67 inches, 1.5K (1220 x 2712 pixels) Tỷ lệ 20:9; Mật độ điểm ảnh ~446 ppi Corning Gorilla Glass Victus Always-on Display | Hệ điều hành: Android 13, MIUI 14 Được lên Android 14, HyperOS (Hỗ trợ nâng cấp tối đa 3 bản Android chính) | Camera sau: 200 MP, f/1.7, 23mm (góc rộng), PDAF đa hướng, OIS 8 MP, f/2.2, 118˚ (góc siêu rộng) 2 MP, f/2.4 (macro) Quay phim: 4K@30fps, 1080p@30/60/120fps, gyro-EIS | Camera trước: 16 MP f/2.4 (góc rộng), HDR, panorama Quay phim: 1080p@30/60fps | Bộ nhớ trong: 128-512GB, UFS 2.2 | Thẻ SIM: 2 SIM, Nano SIM | Dung lượng pin: Li-Po 5100 mAh Sạc nhanh 67W Sạc 100% trong 44 ph (QC) | Thiết kế: Khung nhựa vuông vức Mặt lưng kính Kính trước Corning Gorilla Glass Victus Cảm biến vân tay dưới màn hình Kháng nước, bụi IP54"
Điện thoại Xiaomi REDMI Note 14 Pro Chính hãng,5.050.000 ₫,5050000,,0,https://mobilecity.vn/dien-thoai/xiaomi-redmi-note-14-pro-4g-gia-re.html,https://cdn.mobilecity.vn/mobilecity-vn/images/2025/08/redmi-note-14-pro-chinh-hang-vang.jpg.webp,Redmi,2026-04-27 11:50:53,"Màn hình: Bản 4: AMOLED, 1 tỷ màu, 120Hz, 500 nit (typ), 1200 nit (HBM), 1800 nits (peak) 6.67 inches, Full HD+ (1080 x 2400 pixels) Bản 5: AMOLED, 68 tỷ màu, 120Hz, 1920Hz PWM, HDR10+, Dolby Vision, 3000 nits (peak) 6.67 inches, 1.5K (1220 x 2712 pixels) | Hệ điều hành: Android 14, HyperOS | Camera sau: 200 MP, f/1.7, 23mm (góc rộng), 1/1.4"", 0.56µm, multi-directional PDAF, OIS 8 MP, f/2.2, 15mm, 120˚ (góc siêu rộng) 2 MP, f/2.4, (macro) Quay phim: 4K@24/30fps, 1080p@30/60/120fps, gyro-EIS, OIS (5G) 1080p@30/60fps, gyro-EIS (4G) | Camera trước: 5G: 20 MP, f/2.2, 25mm (góc rộng), 1/4.0"", 0.7µm Quay phim: 1080p@30/60fps 4G: 32 MP, f/2.2 (góc rộng) Quay phim: 1080p@30fps | Bộ nhớ trong: 128-512GB, UFS2.2 | Thẻ SIM: 2 SIM Nano | Dung lượng pin: 5500 mAh (4G), 5110 mAh (5G) Sạc nhanh 45W Củ sạc 45W đi kèm | Thiết kế: Khung nhựa cong Màn hình cong kính Gorilla Victus 2 Mặt lưng nhựa cong Kháng nước, bụi IP64"
Điện thoại Xiaomi REDMI Note 14 5G (Chính hãng - 3 camera 108MP),5.550.000 ₫,5550000,,0,https://mobilecity.vn/dien-thoai/xiaomi-redmi-note-14-5g-quoc-te.html,https://cdn.mobilecity.vn/mobilecity-vn/images/2026/04/xiaomi-redmi-note-14-5g-quoc-te-99-1.jpg,Redmi,2026-04-27 11:50:53,"Màn hình: AMOLED, 120Hz, HDR10+, 2100 nits (peak) 6.67 inches, Full HD+ (1080 x 2400 pixels) Tỷ lệ 20:9, mật độ điểm ảnh ~395 ppi Always-on Display | Hệ điều hành: Android 14, HyperOS | Camera sau: 108MP, f/1.7, 24mm (góc rộng), PDAF, OIS 8 MP, f/2.2, 21mm (góc siêu rộng) 2 MP, f/2.4, (macro) Quay phim: 1080p@30fps | Camera trước: 20 MP, f/2.2 (góc rộng), 1/4.0"", 0.7µm Quay phim: 1080p@30fps | Bộ nhớ trong: 128-256GB, UFS2.2 | Thẻ SIM: 2 SIM Nano | Dung lượng pin: 5110 mAh Sạc nhanh 45W | Thiết kế: Khung nhựa phẳng Mặt lưng nhựa cong Màn hình phẳng kính Corning Gorilla 5 Kháng nước, bụi IP64 Cảm biến vân tay dưới màn hình"
Điện thoại Xiaomi Redmi Turbo 4 (Dimensity 8400 Ultra),6.550.000 ₫,6550000,6.950.000₫,6950000,https://mobilecity.vn/dien-thoai/xiaomi-redmi-turbo-4-cuc-manh.html,https://cdn.mobilecity.vn/mobilecity-vn/images/2025/01/redmi-turbo-4-trang.jpg.webp,Redmi,2026-04-27 11:50:53,"Màn hình: AMOLED, 68 tỷ màu, 120Hz, Dolby Vision, HDR10+, 1400 nits (HBM), 3200nits (peak) 6.67 inches, 1.5K (1220 x 2712 pixels) Mật độ điểm ảnh ~446 ppi | Hệ điều hành: Android 15, HyperOS 2.0 | Camera sau: 50 MP, f/1.5 (góc rộng), PDAF, OIS 8 MP (góc siêu rộng) Quay phim: 4K@24/30/60fps, 1080p@30/60/120/240/960fpsfps | Camera trước: 20 MP, f/2.2 (góc rộng), HDR Quay phim: 1080p@30fps | Bộ nhớ trong: 256-512GB, UFS 4.0 | Thẻ SIM: 2 SIM, Nano SIM | Dung lượng pin: Si/C 6550 mAh Sạc nhanh 90W, PD3.0, QC3+ | Thiết kế: Khung nhựa phẳng Mặt lưng phẳng Màn hình phẳng đục lỗ Cảm biến vân tay quang học dưới màn hình Kháng nước, bụi IP68"
Điện thoại Xiaomi Redmi Note 13 Pro 4G Chính hãng (Helio G99 Ultra),6.950.000 ₫,6950000,7.290.000₫,7290000,https://mobilecity.vn/dien-thoai/xiaomi-redmi-note-13-pro-4g-helio-g99-ultra.html,https://cdn.mobilecity.vn/mobilecity-vn/images/2024/03/xiaomi-redmi-note-13-pro-4g-chinh-hang-xanh.jpg.webp,Redmi,2026-04-27 11:50:53,"Màn hình: AMOLED, 1 tỷ màu, 120Hz, 500 nits (typ), 1000 nits (HBM), 1300 nits (tối đa) 6.67 inches, Full HD+ (1080 x 2400 pixels) Tỷ lệ 20:9, mật độ điểm ảnh ~395 ppi Corning Gorilla Glass 5 | Hệ điều hành: Android 13, MIUI 14 | Camera sau: 200 MP, f/1.7, 23mm (góc rộng), PDAF đa hướng, OIS 8 MP, f/2.2, 120˚ (góc siêu rộng) 2 MP, f/2.4 (macro) Quay phim: 1080p@30/60fps | Camera trước: 16 MP, f/2.4 (góc rộng) Quay phim: 1080p@30/60fps | Bộ nhớ trong: 128-512GB, UFS 2.2 | Thẻ SIM: 2 SIM, Nano SIM | Dung lượng pin: Li-Po 5000 mAh Sạc nhanh 67W Sạc 100% trong 46 ph (QC) | Thiết kế: Khung nhựa vuông vức Mặt lưng nhựa Cảm biến vân tay trong màn hình Kháng nước, bụi IP54"
Điện thoại Xiaomi REDMI Turbo 4 Pro 5G (Snapdragon 8s Gen 4 - Pin 7550mAh),7.750.000 ₫,7750000,7.990.000₫,7990000,https://mobilecity.vn/dien-thoai/xiaomi-redmi-turbo-4-pro-5g.html,https://cdn.mobilecity.vn/mobilecity-vn/images/2025/07/redmi-turbo-4-pro-vang.jpg.webp,Redmi,2026-04-27 11:50:53,"Màn hình: AMOLED, 68 tỷ màu, 120Hz, Dolby Vision, HDR10+, HDR Vivid, 800 nits (typ), 1800 nits (HBM), 3200 nits (peak) 6.83 inches, 1.5K (1280 x 2772 pixels) Tỷ lệ 19.5:9, mật độ điểm ảnh ~447 ppi | Hệ điều hành: Android 15, HyperOS 2 | Camera sau: 50 MP, f/1.5, 26mm (góc rộng), 1/1.95"", 0.8µm, PDAF, OIS 8 MP, f/2.2, 15mm (góc siêu rộng), 1/4.0"", 1.12µm Quay phim: 4K@30/60fps, 1080p@30/60/120/240/960fps, gyro-EIS | Camera trước: 20 MP, f/2.2 (góc rộng), 1/4"" Quay phim: 1080p@30/60fps | Bộ nhớ trong: 256GB-1TB, UFS 4.1 | Thẻ SIM: 2 SIM Nano | Dung lượng pin: Si/C Li-Ion 7550 mAh Sạc nhanh 90W, PD3.0, QC3+ Sạc ngược 22.5W (dây) | Thiết kế: Khung nhôm phẳng Mặt lưng kính phẳng Kháng nước, bụi IP68 Cảm biến vân tay quang học dưới màn hình"
Điện thoại REDMI Turbo 5 Max (Dimensity 9500s - Pin 9000mAh),8.750.000 ₫,8750000,,0,https://mobilecity.vn/dien-thoai/redmi-turbo-5-max-dimensity-9500s.html,https://cdn.mobilecity.vn/mobilecity-vn/images/2026/01/redmi-turbo-5-max-dimensity-9500s-10.jpg,Redmi,2026-04-27 11:50:53,"Màn hình: AMOLED, 68 tỷ màu, 120Hz, Dolby Vision, HDR10+, 1400 nits (HBM), 3500nits (peak) 6.83 inches, 1.5K (1280 x 2772 pixels) | Hệ điều hành: Android 16, HyperOS 3.0 | Camera sau: 50 MP, f/1.5 (góc rộng), PDAF, OIS 8 MP (góc siêu rộng) Quay phim: 4K@24/30/60fps, 1080p@30/60/120/240/960fpsfps | Camera trước: 20 MP, f/2.2 (góc rộng), HDR Quay phim: 1080p@30fps | Bộ nhớ trong: 256-512GB | Thẻ SIM: 2 SIM, Nano SIM | Dung lượng pin: Si/C 9000 mAh Sạc nhanh 100W, PD3.0, QC3+ | Thiết kế: Mặc lưng phẳng, sợi thủy tinh Khung viền kim loại phẳng"
Điện thoại Xiaomi REDMI K90 (Snapdragon 8 Elite - Pin 7100mAh),9.950.000 ₫,9950000,,0,https://mobilecity.vn/dien-thoai/xiaomi-redmi-k90-5g.html,https://cdn.mobilecity.vn/mobilecity-vn/images/2025/10/redmi-k90-xanh.jpg,Redmi,2026-04-27 11:50:53,"Màn hình: AMOLED, 68 tỷ màu, 2560Hz PWM, 120Hz, Dolby Vision, HDR Vivid, HDR10+, 3500 nits (peak) 6.59 inches, 1.5K (1156 x 2510 pixels) Tỷ lệ 19.5:9, mật độ điểm ảnh ~419 ppi | Hệ điều hành: Android 16, HyperOS 3.0 | Camera sau: 50 MP, f/1.88, 24mm (góc rộng),1/1.55"", 1.0µm, PDAF, OIS 50 MP, f/2.2, 60mm (tele), PDAF, zoom quang 2.5x 8 MP, f/2.2, 15mm, 120˚ (góc siêu rộng) Quay phim: 8K@30fps, 4K@30/60fps, 1080p@30/60/120/240/960fps, gyro-EIS, HDR10+ | Camera trước: 20 MP (góc rộng) Quay phim: 1080p@30/60fps | Bộ nhớ trong: 256GB-1TB, UFS | Thẻ SIM: 2 Nano SIM | Dung lượng pin: Si/C Li-Ion 7100mAh Sạc siêu nhanh 100W, PD3.0, QC3+, 100W PPS Sạc ngược 22.5W (dây) | Thiết kế: Khung viền nhôm phẳng Mặt lưng phẳng Kháng nước, bụi IP68 Cảm biên vân tay siêu âm dưới màn hình"
Điện thoại Xiaomi REDMI K90 Pro Max (Snapdragon 8 Elite Gen 5),14.950.000 ₫,14950000,16.990.000₫,16990000,https://mobilecity.vn/dien-thoai/xiaomi-redmi-k90-pro-max.html,https://cdn.mobilecity.vn/mobilecity-vn/images/2025/10/redmi-k90-pro-max-xanh-duong.jpg,Redmi,2026-04-27 11:50:53,"Màn hình: LTPO AMOLED, 68 tỷ màu, 2560Hz PWM, 120Hz, Dolby Vision, HDR Vivid, HDR10+, 3500 nits (peak) 6.9 inches, 1.5K (1200 x 2608 pixels) Tỷ lệ 19.5:9, mật độ điểm ảnh ~416 ppi Kính Xiaomi Dragon Crystal | Hệ điều hành: Android 16, HyperOS 3.0 | Camera sau: 50 MP, f/1.7, 23mm (góc rộng), 1/1.31"", 1.2µm, dual pixel PDAF, OIS 50 MP, f/3.0, 115mm (tele tiềm vọng), 1/2.76"", 0.64µm, PDAF (30cm - ∞), OIS, zoom quang 5x, 50 MP, f/2.4, 18mm, 102˚ (góc siêu rộng), 1/2.88"", 0.61µm Quay phim: 8K@30fps, 4K@30/60fps, 1080p@30/60/120/240/960fps, 720p@1920fps, gyro-EIS, HDR10+ | Camera trước: 32 MP, f/2.2, 21mm (góc rộng) Quay phim: 4K@30fps, 1080p@30/60fps | Bộ nhớ trong: 256GB-1TB, UFS 4.1 | Thẻ SIM: 2 Nano SIM | Dung lượng pin: Si/C Li-Ion 7560mAh Sạc siêu nhanh 100W Sạc không dây 50W Sạc ngược không dây 22.5W | Thiết kế: Khung viền nhôm phẳng Mặt lưng kính/da Cảm biến vân tay siêu âm dưới màn hình Kháng nước, bụi IP68"
Điện thoại Xiaomi Redmi A3x (Mặt lưng kính - Màn IPS LCD 90Hz),2.050.000 ₫,2050000,,0,https://mobilecity.vn/dien-thoai/xiaomi-redmi-a3x-man-hinh-90hz.html,https://cdn.mobilecity.vn/mobilecity-vn/images/2024/05/xiaomi-redmi-a3x-den.jpg.webp,Redmi,2026-04-27 11:50:53,"Màn hình: IPS LCD, 90Hz 6.71 inches, HD+ (720 x 1650 pixels) Mật độ điểm ảnh ~268 ppi Corning Gorilla Glass 3 | Hệ điều hành: Android 14, MIUI | Camera sau: 8 MP, f/2.0 (góc rộng) 0.08 MP (ống kính phụ) Quay phim: 1080p@30fps | Camera trước: 5 MP, f/2.2 (góc rộng) Quay phim: 1080p@30fps | Bộ nhớ trong: 64GB, eMMC 5.1 | Thẻ SIM: 2 SIM, Nano SIM | Dung lượng pin: 5000 mAh Sạc 10W | Thiết kế: Khung nhựa vuông vức Mặt lưng kính phẳng Kính màn hình Gorilla Glass 3 Cảm biến vân tay cạnh bên"
Điện thoại Xiaomi Redmi 13R 5G (Màn hình 90Hz),2.250.000 ₫,2250000,3.450.000₫,3450000,https://mobilecity.vn/dien-thoai/xiaomi-redmi-13r-5g-man-hinh-90hz.html,https://cdn.mobilecity.vn/mobilecity-vn/images/2023/12/xiaomi-redmi-13r-5g-tim.jpg.webp,Redmi,2026-04-27 11:50:53,"Màn hình: IPS LCD, 90Hz, 450 nits (typ), 600 nits (HBM) 6.74 inches, HD+ (720 x 1600 pixels) Tỷ lệ 20:9; Mật độ điểm ảnh ~260 ppi Corning Gorilla Glass | Hệ điều hành: Android 13, MIUI 14 | Camera sau: 50 MP, f/1.8, 28mm (wide), PDAF 0.08 MP (camera phụ) Quay phim: 1080p@30fps | Camera trước: 5 MP, HDR Quay phim: 1080p@30fps | Bộ nhớ trong: 128GB, UFS 2.2 | Thẻ SIM: 2 SIM, Nano SIM | Dung lượng pin: Li-Po 5000 mAh Sạc nhanh 18W | Thiết kế: Khung nhựa vuông vức Mặt lưng nhựa phẳng Mặt trước kính Corning Gorilla phẳng"
Điện thoại Xiaomi Redmi A3 Pro Global (Helio G81 Ultra),2.350.000 ₫,2350000,,0,https://mobilecity.vn/dien-thoai/xiaomi-redmi-a3-pro-global.html,https://cdn.mobilecity.vn/mobilecity-vn/images/2024/09/xiaomi-redmi-a3-pro-minh-hoa.jpg.webp,Redmi,2026-04-27 11:50:53,"Màn hình: IPS LCD, 120Hz, 450 nits (thông thường), 600 nits (HBM) 6.88 inches, HD+ (720 x 1640 pixels) Mật độ điểm ảnh ~260ppi | Hệ điều hành: Android 14, HyperOS | Camera sau: 13 MP (góc rộng) Quay phim: 1080p@30fps | Camera trước: 5 MP (góc rộng) Quay phim: 1080p@30fps | Bộ nhớ trong: 128-256GB, eMMC 5.1 | Thẻ SIM:  | Dung lượng pin: Pin 5160mAh Sạc nhanh 18W | Thiết kế: "
Điện thoại Xiaomi Redmi 10A (Chính hãng DGW),2.450.000 ₫,2450000,2.950.000₫,2950000,https://mobilecity.vn/dien-thoai/xiaomi-redmi-10a.html,https://cdn.mobilecity.vn/mobilecity-vn/images/2022/03/redmi-10a-xanh.png.webp,Redmi,2026-04-27 11:50:53,"Màn hình: IPS LCD, 400 nit (typ), tỷ lệ 20:9 6.53 inches, HD+ (720 x 1600 pixels) Hỗ trợ chế độ hiển thị ngoài trời | Hệ điều hành: Android 11, MIUI 12.5 | Camera sau: 13 MP, f/2.2, 28mm 1.0µm, (góc rộng), AI 5.0, PDAF Quay phim: 1080p@30fps | Camera trước: 5MP, f/2.2, 1.12µm (góc rộng) Quay phim: 1080p@30fps | Bộ nhớ trong: 64-128GB eMMC 5.1 | Thẻ SIM: 2 SIM, Nano SIM | Dung lượng pin: Li-Po 5000 mAh Sạc 10W | Thiết kế: Thanh + Cảm ứng"
Điện thoại Xiaomi REDMI A4 5G (Snapdragon 4s Gen 2),2.550.000 ₫,2550000,,0,https://mobilecity.vn/dien-thoai/xiaomi-redmi-a4-5g-snapdragon-4s-gen-2.html,https://cdn.mobilecity.vn/mobilecity-vn/images/2024/12/redmi-a4-5g-tim.jpg.webp,Redmi,2026-04-27 11:50:53,"Màn hình: IPS LCD, 120Hz, 450 nits (typ), 600 nits (HBM) 6.88 inches, HD+ (720 x 1640 pixels) Tỷ lệ 20:9; mật độ điểm ảnh ~260 ppi | Hệ điều hành: Android 14, HyperOS (hỗ trợ cập nhật 2 bản Android chính) | Camera sau: 50 MP, f/1.8 (góc rộng) Ống kính phụ Quay phim: 1080p@30fps | Camera trước: 5 MP, f/2.2 (góc rộng) Quay phim: 1080p@30fps | Bộ nhớ trong: 64-128GB | Thẻ SIM: 2 SIM Nano | Dung lượng pin: 5160 mAh Sạc nhanh 18W | Thiết kế: Khung nhựa vuông vức Mặt lưng kính phẳng Cảm biến vân tay cạnh bên"
Điện thoại Xiaomi Redmi 13C 5G (Dimensity 6100 Plus),2.550.000 ₫,2550000,,0,https://mobilecity.vn/dien-thoai/xiaomi-redmi-13c-5g-dimensity-6100-plus.html,https://cdn.mobilecity.vn/mobilecity-vn/images/2023/12/xiaomi-redmi-13c-5g-tim.jpg.webp,Redmi,2026-04-27 11:50:53,"Màn hình: IPS LCD, 90Hz, 450 nits (typ), 600 nits (HBM) 6.74 inches, HD+ (720 x 1600 pixels) Tỷ lệ 20:9, mật độ điểm ảnh ~260 ppi Corning Gorilla Glass | Hệ điều hành: Android 13, MIUI 14 | Camera sau: 50 MP, f/1.8, 28mm (góc rộng), PDAF 0.08 MP (phụ) Quay phim: 1080p@30fps | Camera trước: 5 MP, HDR Quay phim: 1080p@30fps | Bộ nhớ trong: 128-256GB, UFS 2.1 | Thẻ SIM: 2 SIM, Nano SIM | Dung lượng pin: Li-Po 5000 mAh Sạc nhanh 18W | Thiết kế: Khung nhựa vuông vức Mặt lưng nhựa, hỗ trợ kháng nước nhẹ Kính trước Corning Gorilla Glass Hỗ trợ cảm biến vân tay cạnh bên"
Điện thoại Xiaomi Redmi Note 12R (Snapdragon 4 Gen 2),2.550.000 ₫,2550000,2.950.000₫,2950000,https://mobilecity.vn/dien-thoai/xiaomi-redmi-note-12r-snapdragon-4-gen-2.html,https://cdn.mobilecity.vn/mobilecity-vn/images/2023/06/xiaomi-redmi-note-12r-xanh.jpg.webp,Redmi,2026-04-27 11:50:53,"Màn hình: IPS LCD, 90Hz, 550 nits 6.79 inches, Full HD+ (1080 x 2460 pixels) Tỷ lệ 20.5:9, mật độ điểm ảnh ~396 ppi | Hệ điều hành: Android 13, MIUI 14 Được lên HyperOS | Camera sau: 50 MP, f/1.8 (góc rộng), PDAF 2 MP, f/2.4 (macro) Quay phim: 1080p@30fps | Camera trước: 5 MP, f/2.2 (góc rộng), HDR Quay phim: 1080p@30fps | Bộ nhớ trong: 128-256GB, UFS 2.2 | Thẻ SIM: 2 SIM, Nano SIM | Dung lượng pin: Li-Po 5000 mAh Sạc nhanh 18W | Thiết kế: Khung nhựa vuông vức Mặt lưng kính; Màn hình đục lỗ Kháng nước, bụi IP53 Cảm biến vân tay cạnh bên"
Điện thoại Xiaomi Redmi 13C Chính hãng (Camera 50MP),2.600.000 ₫,2600000,3.450.000₫,3450000,https://mobilecity.vn/dien-thoai/xiaomi-redmi-13c-camera-50mp.html,https://cdn.mobilecity.vn/mobilecity-vn/images/2023/11/xiaomi-redmi-13c-xanh-duong.jpg.webp,Redmi,2026-04-27 11:50:53,"Màn hình: IPS LCD, 90Hz, 450 nits (typ), 600 nits (HBM) 6.74 inches, HD+ (720 x 1600 pixels) Mật độ điểm ảnh ~260 ppi | Hệ điều hành: Android 13, MIUI 14 | Camera sau: 50 MP, f/1.8, 28mm (góc rộng), PDAF 2 MP, f/2.4, (macro) Quay phim: 1080p@30fps | Camera trước: 8 MP, f/20 (góc rộng), HDR Làm đẹp, Xóa phông Quay phim: có | Bộ nhớ trong: 128-256GB, eMMC 5.1 | Thẻ SIM: 2 SIM, Nano SIM | Dung lượng pin: Li-Po 5000 mAh Sạc 18W (sạc theo máy 10W) | Thiết kế: Khung nhựa, mặt lưng nhựa Màn hình giọt nước Mở khoá vân tay cạnh bên"
"Điện thoại Xiaomi Redmi 10C (Chính hãng, Snapdragon 680)",2.650.000 ₫,2650000,3.650.000₫,3650000,https://mobilecity.vn/dien-thoai/xiaomi-redmi-10c-chinh-hang.html,https://cdn.mobilecity.vn/mobilecity-vn/images/2022/03/xiaomi-redmi-10c-xanh-lam.png.webp,Redmi,2026-04-27 11:50:53,"Màn hình: IPS LCD 6.71 inches, HD+ (720 x 1650 pixels) Corning Gorilla Glass | Hệ điều hành: Android 11, MIUI 13 | Camera sau: 50 MP, f/1.8, 26mm (góc rộng) 2 MP, f/2.4 (độ sâu) Quay phim: 1080p@30fps | Camera trước: 5 MP, f/2.2 Quay phim: 1080p@30fps | Bộ nhớ trong: 64-128GB | Thẻ SIM: 2 SIM, Nano SIM | Dung lượng pin: Li-Po 5000 mAh Sạc nhanh 18W | Thiết kế: Thanh + Cảm ứng"
Điện thoại OPPO A60 Chính hãng (sạc SUPERVOOC 45W),4.750.000 ₫,4750000,,0,https://mobilecity.vn/dien-thoai/oppo-a60-sac-supervooc-45w.html,https://cdn.mobilecity.vn/mobilecity-vn/images/2024/04/oppo-a60-xanh.jpg.webp,OPPO,2026-04-27 11:52:23,"Màn hình: IPS LCD, 90Hz, 950 nits (tối đa) 6.67 inches, HD+ (720 x 1604 pixels) Tỷ lệ 20:9, mật độ điểm ảnh ~264 ppi | Hệ điều hành: Android 14, ColorOS 14 | Camera sau: 50 MP, f/1.8 (góc rộng), PDAF 2 MP, f/2.4 (độ sâu) Quay phim: 1080p@30fps | Camera trước: 8 MP, f/2.0 (góc rộng) Quay phim: 1080p@30fps | Bộ nhớ trong: 128-256GB, UFS2.2 | Thẻ SIM: 2 SIM, Nano SIM | Dung lượng pin: 5000mAh Sạc nhanh 45W (SUPERVOOC) Sạc 50% trong 30 ph (QC) | Thiết kế: Khung nhựa vuông vức Mặt lưng thuỷ tinh hữu cơ Kháng nước, bụi IP54"
Điện thoại OPPO K13 Turbo Pro (Snapdragon 8s Gen 4),8.450.000 ₫,8450000,8.590.000₫,8590000,https://mobilecity.vn/dien-thoai/oppo-k13-turbo-pro-gaming.html,https://cdn.mobilecity.vn/mobilecity-vn/images/2025/07/oppo-k13-turbo-pro-tim.jpg.webp,OPPO,2026-04-27 11:52:23,"Màn hình: AMOLED, 1 tỷ màu, 120Hz, 1600 nits (peak) 6.8 inches, 1.5K (1280 x 2800 pixels) Tỷ lệ 19.5:9, mật độ điểm ảnh ~453 ppi | Hệ điều hành: Android 15, ColorOS 15 | Camera sau: 50 MP, f/1.8, 27mm (góc rộng), PDAF, OIS 2 MP (phụ) Quay phim: 4K@30/60fps, 1080p@30fps | Camera trước: 16 MP, f/2.4, 22mm (góc rộng) Quay phim: 1080p@30fps | Bộ nhớ trong: 256-512GB, UFS 4.0 | Thẻ SIM: 2 SIM Nano | Dung lượng pin: 7000 mAh Sạc nhanh 80W, 13.5W PD, 44W UFCS, 33W PPS Hỗ trợ sạc ngược (dây) | Thiết kế: Vuông vức đậm chất gaming Khung viền nhựa phẳng Mặt lưng nhựa phẳng Tích hợp quạt tản nhiệt + LED RGB Kháng nước IPX8/IPX9 Cảm biến vân tay quang học dưới màn hình"
Điện thoại OPPO A37 Chính hãng (Hoài cổ),299.000 ₫,299000,,0,https://mobilecity.vn/dien-thoai/oppo-a37-chinh-hang.html,https://cdn.mobilecity.vn/mobilecity-vn/images/2025/04/oppo-a37-vang-hong.jpg.webp,OPPO,2026-04-27 11:52:23,"Màn hình: IPS LCD, 60Hz 5.0 inches, HD (720 x 1280 pixels) Tỷ lệ 16:9, mật độ điểm ảnh ~294 ppi | Hệ điều hành: Android 5.1 (Lollipop), ColorOS 3 | Camera sau: 8 MP, f/2.0, 1/3.2"", 1.4µm, AF Quay phim: 1080p@30fps | Camera trước: 5 MP, f/2.4, 1/4.0"" Quay phim: Có | Bộ nhớ trong: 16GB | Thẻ SIM: 2 SIM Nano | Dung lượng pin: Li-Ion 2630 mAh Tiết kiệm pin | Thiết kế: Khung + Mặt lưng nhựa Kính trước Gorilla 4"
Điện thoại OPPO F9 Chính hãng (Siêu rẻ - mượt Liên Quân),750.000 ₫,750000,,0,https://mobilecity.vn/dien-thoai/oppo-f9-sieu-re.html,https://cdn.mobilecity.vn/mobilecity-vn/images/2025/03/oppo-f9-xanh-ngoc.jpg.webp,OPPO,2026-04-27 11:52:23,"Màn hình: IPS LCD, 60Hz 6.3 inches, Full HD+ (1080 x 2340 pixels) Tỷ lệ 19.5:9, mật độ điểm ảnh ~409 ppi | Hệ điều hành: Android 10, ColorOS 7.0 | Camera sau: 16 MP, f/1.8, 1/3.1, 1.0µm, PDAF 2 MP, f/2.4 (depth) Quay phim: 1080p@30fps | Camera trước: 25 MP, f/2.0, 26mm (góc rộng), 1/2.8"", 0.9µm Quay phim: 1080p@30fps | Bộ nhớ trong: 64-128GB, eMMC 5.1 | Thẻ SIM: 2 SIM Nano | Dung lượng pin: Li-Po 3500 mAh Sạc nhanh VOOC 20W | Thiết kế: Khung & Mặt lưng nhựa bo cong Màn hình giọt nước Cảm biến vân tay 1 chạm mặt lưng"
Điện thoại OPPO F11 Chính hãng (Chơi mượt Liên quân),890.000 ₫,890000,,0,https://mobilecity.vn/dien-thoai/oppo-f11-chinh-hang.html,https://cdn.mobilecity.vn/mobilecity-vn/images/2025/03/oppo-f11-xanh.jpg.webp,OPPO,2026-04-27 11:52:23,"Màn hình: IPS LCD, 60Hz 6.53 inches, Full HD+ (1080 x 2340 pixels) Tỷ lệ 19.5:9, mật độ điểm ảnh ~394 ppi | Hệ điều hành: Android 9.0 (Pie), ColorOS 6 Được lên Android 10 | Camera sau: 48 MP, f/1.8 (góc rộng), 1/2.0"", 0.8µm, PDAF 5 MP, f/2.4 (depth) Quay phim: 1080p@30fps | Camera trước: 16 MP, f/2.0, 26mm (góc rộng), 1/3.06"", 1.0µm Quay phim: 1080p@30fps | Bộ nhớ trong: 64-128GB, eMMC 5.1 (Nếu thấy bộ nhớ 256GB là fake thông số) | Thẻ SIM: 2 SIM Nano | Dung lượng pin: Li-Po 4020 mAh Sạc nhanh (VOOC) 20W | Thiết kế: Khung nhựa bo cong Mặt lưng nhựa giả kính cong Màn hình phẳng giọt nước Cảm biến vân tay mặt sau"
Điện thoại OPPO A31 Chính hãng (Tích hợp đài FM),1.950.000 ₫,1950000,,0,https://mobilecity.vn/dien-thoai/oppo-a31-chinh-hang.html,https://cdn.mobilecity.vn/mobilecity-vn/images/2025/03/oppo-a31-2020-trang-xanh.jpg.webp,OPPO,2026-04-27 11:52:23,"Màn hình: IPS LCD, 60Hz, 480 nits (typ) 6.5 inches, HD+ (720 x 1600 pixels) Tỷ lệ 20:9, mật độ điểm ảnh ~270 ppi | Hệ điều hành: Android 9.0 (Pie), ColorOS 6.1 | Camera sau: 12 MP, f/1.8 (góc rộng), 1/2.86"", 1.25µm, PDAF 2 MP, f/2.4 (macro) 2 MP, f/2.4 (depth) Quay phim: 1080p@30fps | Camera trước: 8 MP, f/2.0 (góc rộng), 1/4.0"", 1.12µm Quay phim: 1080p@30fps | Bộ nhớ trong: 64-128GB, eMMC 5.1 | Thẻ SIM: 2 SIM Nano | Dung lượng pin: Li-Po 4230 mAh Sạc cơ bản 10W | Thiết kế: Khung nhựa bo cong Mặt lưng nhựa cong Mặt trước kính Gorilla 3 Cảm biến vân tay mặt lưng"
Điện thoại OPPO A54 Chính hãng (Pin 5000mAh - 3 camera sau),2.150.000 ₫,2150000,,0,https://mobilecity.vn/dien-thoai/oppo-a54-pin-5000-mah.html,https://cdn.mobilecity.vn/mobilecity-vn/images/2025/03/oppo-a54-den.jpg.webp,OPPO,2026-04-27 11:52:23,"Màn hình: IPS LCD, 60Hz 6.51 inches, HD+ (720 x 1600 pixels) Tỷ lệ 20:9, mật độ điểm ảnh ~270 ppi | Hệ điều hành: Android 10, ColorOS 7.2 | Camera sau: 13 MP, f/2.2, 25mm (góc rộng), 1/3.06"", 1.12µm, PDAF 2 MP, f/2.4, (macro) 2 MP, f/2.4, (depth) Quay phim: 1080p@30fps | Camera trước: 16 MP, f/2.0 (góc rộng), 1/3.06"", 1.0µm, HDR Quay phim: 1080p@30fps | Bộ nhớ trong: 64-128GB | Thẻ SIM: 2 SIM Nano | Dung lượng pin: Li-Po 5000 mAh Sạc nhanh 18W | Thiết kế: Khung nhựa bo cong Mặt lưng nhựa cong Màn hình đục lỗ phẳng"
Điện thoại OPPO A3x Chính hãng (Snapdragon 6s Gen 1),2.450.000 ₫,2450000,,0,https://mobilecity.vn/dien-thoai/oppo-a3x-chinh-hang.html,https://cdn.mobilecity.vn/mobilecity-vn/images/2025/01/oppo-a3x-chinh-hang-tim.jpg.webp,OPPO,2026-04-27 11:52:23,"Màn hình: IPS LCD, 90Hz, 1000 nits (HBM) 6.67 inches, HD+ (720 x 1604 pixels) Tỷ lệ 20:9, mật độ điểm ảnh ~264 ppi | Hệ điều hành: Android 14, ColorOS 14 | Camera sau: 8 MP, f/2.0 (góc rộng), PDAF Ống kính phụ Quay phim: 1080p@30fps | Camera trước: 5 MP, f/2.2 (góc rộng) Quay phim: 1080p@30fps | Bộ nhớ trong: 64-128GB | Thẻ SIM: 2 SIM Nano | Dung lượng pin: 5100 mAh Sạc nhanh 45W, PD2.0, PPS Sạc 50% trong 30ph (QC) | Thiết kế: Khung nhựa phẳng Mặt lưng nhựa phẳng Mặt trước kính cường lực Panda Tiêu chuẩn độ bền MIL-STD-810H (Quân đội) Kháng nước, bụi IP54"
Điện thoại OPPO A53 Chính hãng (Màn hình 90Hz),2.550.000 ₫,2550000,,0,https://mobilecity.vn/dien-thoai/oppo-a53-man-hinh-90hz.html,https://cdn.mobilecity.vn/mobilecity-vn/images/2025/03/oppo-a53-xanh-duong.jpg.webp,OPPO,2026-04-27 11:52:23,"Màn hình: IPS LCD, 90Hz 6.5 inches, HD+ (720 x 1600 pixels) Tỷ lệ 20:9, mật độ điểm ảnh ~270 ppi | Hệ điều hành: Android 10 được lên Android 11 | Camera sau: 13 MP, f/2.2, 25mm (góc rộng), 1/3.06"", 1.12µm, PDAF 2 MP, f/2.4 (macro) 2 MP, f/2.4 (depth) Quay phim: 1080p@30fps | Camera trước: 16 MP, f/2.0 (góc rộng), 1/3.06"", 1.0µm Quay phim: 1080p@30fps | Bộ nhớ trong: 64-256GB, UFS 2.1 | Thẻ SIM: 2 SIM Nano | Dung lượng pin: Li-Po 5000 mAh Sạc nhanh 18W | Thiết kế: Khung nhựa cong Mặt lưng nhựa cong Kính màn hình Corning Gorilla 3 Cảm biến vân tay mặt lưng"
Điện thoại OPPO A2x 5G (Dimensity 6020),2.650.000 ₫,2650000,3.950.000₫,3950000,https://mobilecity.vn/dien-thoai/oppo-a2x-5g-dimensity-6020.html,https://cdn.mobilecity.vn/mobilecity-vn/images/2023/10/oppo-a2x-vang.jpg.webp,OPPO,2026-04-27 11:52:23,"Màn hình: IPS LCD, 90Hz, 720 nits (tối đa) 6.56 inches, HD+ (720 x 1612 pixels) Tỷ lệ 20:9, mật độ điểm ảnh ~269 ppi | Hệ điều hành: Android 13, ColorOS 13.1 | Camera sau: 13 MP, f/2.2, (góc rộng), AF Quay phim: 1080p@30fps | Camera trước: 5 MP, f/2.2 (góc rộng), Panorama Quay phim: 1080p@30fps | Bộ nhớ trong: 128-256GB, UFS 2.2 | Thẻ SIM: 2 SIM, Nano SIM | Dung lượng pin: Li-Po 5000 mAh Sạc 10W | Thiết kế: Khung nhựa vuông vức Mặt lưng nhựa bóng bẩy Kháng nước, bụi IP54 Cảm biến vân tay cạnh bên"
Điện thoại OPPO A17k (Chính hãng - Hỗ trợ IPX4),2.820.000 ₫,2820000,2.999.000₫,2999000,https://mobilecity.vn/dien-thoai/oppo-a17k-chinh-hang-ho-tro-ip-x4.html,https://cdn.mobilecity.vn/mobilecity-vn/images/2023/02/oppo-a17k-chinh-hang-ho-tro-ip-x4-vang.jpg.webp,OPPO,2026-04-27 11:52:23,"Màn hình: IPS LCD, 480 nits (typ), 600 nits (HBM) 6.56 inches, HD+ (720 x 1612 pixels), tỷ lệ 20:9 Panda Glass | Hệ điều hành: Android 12, ColorOS 12.1 | Camera sau: 8 MP, f/2.0 (góc rộng), AF Quay phim: 1080p@30fps | Camera trước: 5 MP, f/2.2 (góc rộng) Quay phim: 1080p@30fps | Bộ nhớ trong: 64GB eMMC 5.1 | Thẻ SIM: 2 SIM, Nano SIM | Dung lượng pin: Li-Po 5000 mAh Sạc 10W | Thiết kế: Thanh + Cảm ứng"
Điện thoại OPPO K13x 5G (Dimensity 6300 - Pin 5800mAh),2.950.000 ₫,2950000,,0,https://mobilecity.vn/dien-thoai/oppo-k13x-5g-dimensity-6300.html,https://cdn.mobilecity.vn/mobilecity-vn/images/2025/09/oppo-k13x-trang.jpg.webp,OPPO,2026-04-27 11:52:23,"Màn hình: IPS LCD, 120Hz, 850 nits (typ), 1000 nits (HBM) 6.67 inches, HD+ (720 x 1604 pixels) Tỷ lệ 20:9, mật độ điểm ảnh ~264 ppi | Hệ điều hành: Android 15, ColorOS 15 | Camera sau: 50 MP, f/1.8, 27mm (góc rộng), 1/2.88"", 0.61µm, PDAF 2 MP, f/2.4 (phụ) Quay phim: 1080p@30/60fps | Camera trước: 8 MP, f/2.0, 25mm (wide), 1/4.0"", 1.12µm Quay phim: 1080p@30fps | Bộ nhớ trong: 128-256GB, UFS 2.2 | Thẻ SIM: 2 SIM Nano | Dung lượng pin: 5800 mAh Sạc nhanh 45W, 33W PPS, 13.5W PD, 50% in 37 min | Thiết kế: Khung nhựa phẳng Mặt lưng nhựa phẳng Kháng nước, bụi IP68/IP69 Cảm biến vân tay cạnh bên"
Điện thoại OPPO A6i 5G (Pin 6000mAh - Dimensity 6300),2.950.000 ₫,2950000,3.350.000₫,3350000,https://mobilecity.vn/dien-thoai/oppo-a6i-5g.html,https://cdn.mobilecity.vn/mobilecity-vn/images/2025/09/oppo-a6i-5g-ro-ri-0.jpg.webp,OPPO,2026-04-27 11:52:23,"Màn hình: IPS LCD, 120Hz, 850 nits (thông thường), 1000 nits (HBM) 6.67 inches, HD+ (720 x 1604 Pixels) Mật độ điểm ảnh ~264 ppi | Hệ điều hành: Android 15, ColorOS 15 | Camera sau: 50 MP, f/1.8, 27mm (góc rộng), PDAF 2 MP, f/2.4, 22mm (phụ) Quay phim: 1080p@30fps, 720p@30/120fps | Camera trước: 8 MP, f/2.0, 25mm (góc rộng) Quay phim: 1080p@30fps | Bộ nhớ trong: 128-256GB, UFS 2.2 | Thẻ SIM: 2 SIM Nano | Dung lượng pin: 6000 mAh Sạc nhanh 45W, 45W UFCS, 33W PPS，13.5W PD | Thiết kế: Khung nhựa phẳng Kính trước Crystal Shield phẳng Kháng nước, bụi IP65 Đặt tiêu chuẩn độ bền SGS Cảm biến vân tay cạnh bên"
Điện thoại OPPO A3i 5G (Dimensity 6300 - Màn hình 120Hz),3.250.000 ₫,3250000,3.490.000₫,3490000,https://mobilecity.vn/dien-thoai/oppo-a3i-5g-man-hinh-120hz.html,https://cdn.mobilecity.vn/mobilecity-vn/images/2025/01/oppo-a3i-5g-tim.jpg.webp,OPPO,2026-04-27 11:52:23,"Màn hình: IPS LCD, 120Hz, 1000 nits (HBM) 6.67 inches, HD+ (720 x 1604 pixels) Mật độ điểm ảnh ~264 ppi | Hệ điều hành: Android 14, ColorOS 14 | Camera sau: 50 MP, f/1.8, 76° (góc rộng), AF Quay phim: 1080p@30/60fps | Camera trước: 5 MP, f/2.2, tiêu cự cố định FF Quay phim: 1080p@30fps | Bộ nhớ trong: 128-256GB, eMMC 5.1 | Thẻ SIM: 2 SIM Nano | Dung lượng pin: 5100 mAh Sạc SuperVOOC 45W, PD2.0 | Thiết kế: Khung nhựa phẳng Mặt lưng nhựa phẳng Kháng nước, bụi IP54 Cảm biến vân tay cạnh bên"
Điện thoại OPPO A5i Chính hãng (Snapdragon 6s Gen1 - Độ bền Quân đội),3.250.000 ₫,3250000,3.290.000₫,3290000,https://mobilecity.vn/dien-thoai/oppo-a5i-chinh-hang.html,https://cdn.mobilecity.vn/mobilecity-vn/images/2025/09/oppo-a5i-chinh-hang-do.jpg.webp,OPPO,2026-04-27 11:52:23,"Màn hình: IPS LCD, 90Hz, 1000 nits (tối đa) 6.67 inches, HD+ (720 x 1604 pixels) Mật độ điểm ảnh ~264 ppi Kính cường lực Panda | Hệ điều hành: Android 14, ColorOS 14 | Camera sau: 8MP, f/2.0 (góc rộng) Quay phim: 1080p@30fps, 720p@30fps | Camera trước: 5 MP, f/2.2 Quay phim: 1080p@30fps, 720p@30fps | Bộ nhớ trong: 64-128GB | Thẻ SIM: 2 SIM Nano | Dung lượng pin: Li-Po 5100 mAh Sạc nhanh 45 W Sạc kèm theo máy 45 W | Thiết kế: Khung nhựa phẳng Mặt lưng nhựa phẳng Kháng nước, bụi IP54 Độ bền chuẩn quân đội MIL-STD 810H Cảm biến vân tay cạnh bên"
Điện thoại OPPO A3 Pro 5G (Dimensity 6300),3.650.000 ₫,3650000,4.950.000₫,4950000,https://mobilecity.vn/dien-thoai/oppo-a3-pro-5g-khang-nuoc-ip69.html,https://cdn.mobilecity.vn/mobilecity-vn/images/2025/02/oppo-a3-pro-01.jpg.webp,OPPO,2026-04-27 11:52:23,"Màn hình: IPS LCD, 120Hz, 1000 nits (HBM) 6.67 inches, HD+ (720 x 1604 pixels) Tỷ lệ 20:9, mật độ điểm ảnh ~264 ppi Panda glass | Hệ điều hành: Android 14, ColorOS 14 | Camera sau: 50 MP, f/1.8 (góc rộng), PDAF 2 MP, f/2.4 (độ sâu) Quay phim: 1080p@30/60fps | Camera trước: 8 MP, f/2.0 (góc rộng) Quay phim: 1080p@30fps | Bộ nhớ trong: 128-256GB, UFS 2.2 | Thẻ SIM: 2 SIM Nano | Dung lượng pin: Li-Po 5100 mAh Sạc nhanh 45W Sạc 50% trong 30 phút | Thiết kế: Khung nhựa phẳng Mặt lưng nhựa phẳng Kháng nước, bụi IP54"
Điện thoại OPPO A5x Chính hãng (Pin 6000 mAh - Siêu bền),3.650.000 ₫,3650000,,0,https://mobilecity.vn/dien-thoai/oppo-a5x-chinh-hang.html,https://cdn.mobilecity.vn/mobilecity-vn/images/2025/06/oppo-a5x-den-xanh.jpg.webp,OPPO,2026-04-27 11:52:23,"Màn hình: IPS LCD, 90Hz, 1000 nits (HBM) 6.67 inches, HD+ (720 x 1604 pixels) Tỷ lệ 20:9, mật độ điểm ảnh ~264 ppi | Hệ điều hành: Android 15, ColorOS 15 | Camera sau: 32 MP, f/1.8 (góc rộng), AF Cảm biến phụ IR Quay phim: 1080p@30fps | Camera trước: 5 MP, f/2.2 (góc rộng) Quay phim: 1080p@30fps | Bộ nhớ trong: 64-128GB, UFS 2.1 | Thẻ SIM: 2 SIM Nano | Dung lượng pin: Li-Po 6000 mAh Sạc nhanh 45W Tặng kèm bộ sạc 45W | Thiết kế: Khung nhựa phẳng Mặt lưng nhựa phẳng Kháng nước, bụi IP65 Cảm biến vân tay cạnh bên Độ bền theo tiêu chuẩn quân đội MIL-STD-810H"
"Điện thoại OPPO A57 (Chính hãng - Pin 5000mAh, sạc 33W)",3.700.000 ₫,3700000,3.990.000₫,3990000,https://mobilecity.vn/dien-thoai/oppo-a57-chinh-hang-sac-33w.html,https://cdn.mobilecity.vn/mobilecity-vn/images/2023/02/oppo-a57-chinh-hang-xanh.jpg.webp,OPPO,2026-04-27 11:52:23,"Màn hình: IPS LCD, 480nits, 600nits (tối đa) 6.56 inches, HD+ (720 x 1612 pixels), tỷ lệ 20:9 Panda MN228 | Hệ điều hành: Android 12, ColorOS 12.1 | Camera sau: 13 MP, f/2.2, 26mm (góc rộng) AF 2 MP, f/2.4 (độ sâu) Quay phim: 1080p@30fps | Camera trước: 8 MP, f/2.0 (góc rộng) HDR, quay phim: 1080p@30fps | Bộ nhớ trong: 64-128GB eMMC 5.1 | Thẻ SIM: 2 SIM, Nano SIM | Dung lượng pin: Li-Po 5000 mAh Sạc nhanh 33W, 50% trong 30 ph (quảng cáo) | Thiết kế: Khung và mặt lưng nhựa Mặt trước kính Panda MN228 Hỗ trợ kháng nước IPX4, bụi IP5X"
Điện thoại OPPO A6x Chính hãng,3.850.000 ₫,3850000,,0,https://mobilecity.vn/dien-thoai/oppo-a6x-chinh-hang.html,https://cdn.mobilecity.vn/mobilecity-vn/images/2026/03/oppo-a6x-chinh-hang-13.jpg,OPPO,2026-04-27 11:52:23,"Màn hình: IPS LCD, 90Hz, 1000 nits (HBM) 6.75 inches, HD+ (720 x 1570 pixels) Tỷ lệ 20:9 | Hệ điều hành: Android 15, ColorOS 15 | Camera sau: 50 MP, f/1.8 (góc rộng), AF Cảm biến phụ IR Quay phim: 1080p@30fps | Camera trước: 5 MP, f/2.2 (góc rộng) Quay phim: 1080p@30fps | Bộ nhớ trong: 64-128GB, UFS 2.1 | Thẻ SIM: 2 SIM Nano | Dung lượng pin: Li-Po 6100 mAh Sạc nhanh 15W Tặng kèm bộ sạc 45W | Thiết kế: Khung nhựa phẳng Mặt lưng nhựa phẳng Kháng nước, bụi IP65 Cảm biến vân tay cạnh bên Độ bền theo tiêu chuẩn quân đội MIL-STD-810H"
Điện thoại OPPO K12s 5G (Pin 7000mAh - Snapdragon 6 Gen 4),3.950.000 ₫,3950000,4.290.000₫,4290000,https://mobilecity.vn/dien-thoai/oppo-k12s-5g-pin-7000mah.html,https://cdn.mobilecity.vn/mobilecity-vn/images/2025/04/oppo-k12s-trang.jpg.webp,OPPO,2026-04-27 11:52:23,"Màn hình: AMOLED, 120Hz, 600 nits (typ), 1200 nits (peak) 6.67 inches, Full HD+ (1080 x 2400 pixels) Tỷ lệ 20:9, mật độ điểm ảnh ~394 ppi | Hệ điều hành: Android 15, ColorOS 15 (Hỗ trợ cập nhật 2 bản Android chính) | Camera sau: 50 MP, f/1.8, 27mm (góc rộng), PDAF 2 MP, f/2.4, 22mm (depth) Quay phim: 4K@30fps, 1080p@30/60/120fps, gyro-EIS | Camera trước: 16 MP, f/2.4, 23mm (góc rộng), 1/3.0"", 1.0µm Quay phim: 1080p@30fps, gyro-EIS | Bộ nhớ trong: 128-512GB, UFS 3.1 | Thẻ SIM: 2 SIM Nano | Dung lượng pin: Si/C Li-Ion 7000 mAh Sạc nhanh 80W (Sạc nhanh Fusion chính hãng 80W, Sạc nhanh Fusion của ba bên 44W, PPS 33W, PD 13,5W, QC 13,5W) Sạc 100% pin trong 56 phút | Thiết kế: Khung nhựa phẳng Mặt lưng nhựa cong nhẹ Kháng nước, bụi IP65 Cảm biến vân tay quang học dưới màn hình"
"Điện thoại Realme C11 (2021) Chính hãng (Unisoc SC9863A, pin 5000mAh)",2.450.000 ₫,2450000,2.990.000₫,2990000,https://mobilecity.vn/realme/realme-c11.html,https://cdn.mobilecity.vn/mobilecity-vn/images/2021/12/realme-c11-2021-chinh-hang-1-1-1.jpg.webp,Realme,2026-04-27 11:53:50,"Màn hình: IPS LCD, 400 nits (typ), tỷ lệ 20:9 6.52 inches, HD+ (720 x 1600 pixels) | Hệ điều hành: Android 11, Realme Go UI | Camera sau: 8 MP f2.0, AF (góc rộng) Quay phim: 1080p@30fps | Camera trước: 5MP f2.2 HDR (góc rộng) Quay phim: 1080p@30fps | Bộ nhớ trong: 32-64GB, eMMC 5.1 | Thẻ SIM: 2 SIM, Nano SIM | Dung lượng pin: Li-Po 5000mAh Sạc 10W Hỗ trợ sạc ngược | Thiết kế: Nguyên khối - Khung & Mặt lưng nhựa"
Điện thoại Realme C85 Pro Chính hãng,5.030.000 ₫,5030000,6.550.000₫,6550000,https://mobilecity.vn/dien-thoai/realme-c85-pro-chinh-hang.html,https://cdn.mobilecity.vn/mobilecity-vn/images/2025/12/realme-c85-pro-xanh.jpg,Realme,2026-04-27 11:53:50,"Màn hình: AMOLED, 120Hz, 1000 nits (HBM), 4000 nits (peak) 6.8 inches, Full HD+ (1080 x 2344 pixels) Tỷ lệ 19.5:9 Always-on Display | Hệ điều hành: Android 15, Realme UI 6.0 | Camera sau: 50 MP, f/1.8, 28mm (góc rộng), PDAF Quay phim: 1080p@30fps | Camera trước: 8 MP, f/2.0, 26mm (góc rộng) Quay phim: 1080p@30fps | Bộ nhớ trong: 128-512GB | Thẻ SIM: 2 Nano SIM | Dung lượng pin: 7000 mAh Sạc nhanh 45W | Thiết kế: Khung nhựa vuông vức Mặt lưng nhựa phẳng Màn hình phẳng kính cường lực AGC DT-Star2 Chuẩn IP68/IP69K Tuân thủ MIL-STD-810H (độ bền quân đội) Cảm biến vân tay cạnh bên Mở khoá khuôn mặt"
Điện thoại Realme C85 5G (Pin 7.000 mAh - IP69K),5.800.000 ₫,5800000,7.690.000₫,7690000,https://mobilecity.vn/dien-thoai/realme-c85-5g.html,https://cdn.mobilecity.vn/mobilecity-vn/images/2025/12/realme-c85-5g-tim-1.jpg,Realme,2026-04-27 11:53:50,"Màn hình: IPS LCD, 144Hz, 550 nits 6.8 inches, HD+ (720 x 1570 pixels) Tỷ lệ 19.5:9 | Hệ điều hành: Android 15, Realme UI 6.0 | Camera sau: 50 MP, f/1.8, 28mm (góc rộng), PDAF Quay phim: 1080p@30fps | Camera trước: 8 MP, f/2.0, 26mm (góc rộng) Quay phim: 1080p@30fps | Bộ nhớ trong: 128-512GB | Thẻ SIM: 2 Nano SIM | Dung lượng pin: 7000 mAh | Thiết kế: Khung nhựa vuông vức Mặt lưng nhựa phẳng Màn hình phẳng kính cường lực AGC DT-Star2 Chuẩn IP68/IP69K Tuân thủ MIL-STD-810H (độ bền quân đội) Cảm biến vân tay cạnh bên Mở khoá khuôn mặt"
Điện thoại Realme Neo7 Turbo (Dimensity 9400e),7.450.000 ₫,7450000,8.450.000₫,8450000,https://mobilecity.vn/dien-thoai/realme-neo7-turbo.html,https://cdn.mobilecity.vn/mobilecity-vn/images/2025/05/realme-neo7-turbo-xam-trong-suot.jpg.webp,Realme,2026-04-27 11:53:50,"Màn hình: AMOLED, 1 tỷ màu, 144Hz, HDR, 1800 nits (HBM), 6500 nits (peak) 6.8 inches, 1.5K (1280 x 2800 pixels) Tỷ lệ 19.5: 9, mật độ điểm ảnh ~453 ppi | Hệ điều hành: Android 15, Realme UI 6.0 | Camera sau: 50 MP, f/1.8, 26mm (góc rộng), 1/1.95"", 0.8µm, PDAF, OIS 8 MP, f/2.2, 16mm, 112˚ (góc siêu rộng) 1/4.0"", 1.12µm Quay phim: 4K@30/60fps, 1080p@30/60/120fps, gyro-EIS, OIS | Camera trước: 16 MP, f/2.4, 23mm (góc rộng), Panorama Quay phim: 1080p@30/60fps, gyro-EIS | Bộ nhớ trong: 256-512GB, UFS 4.0 | Thẻ SIM: 2 SIM Nano | Dung lượng pin: Si/C Li-Ion 7200 mAh Sạc nhanh 100W, PD, PPS, UFCS Sạc 100% trong 47 phút | Thiết kế: Khung nhựa phẳng Màn hình phẳng + Mặt lưng cong nhẹ Kháng nước, bụi IP68/IP69 Cảm biến vân tay quang học dưới màn hình"
Điện thoại Realme Neo8 5G (Snapdragon 8 Gen 5 - Pin 8000mAh),10.950.000 ₫,10950000,,0,https://mobilecity.vn/dien-thoai/realme-neo8-5g.html,https://cdn.mobilecity.vn/mobilecity-vn/images/2026/01/realme-neo8-0-2.jpg,Realme,2026-04-27 11:53:50,"Màn hình: AMOLED, 1 tỷ màu, 165Hz 6.78 inches, 1.5K (1272 x 277 pixels) Tỷ lệ 20:9 | Hệ điều hành: Android 16, Realme UI 7.0 | Camera sau: 50 MP (góc rộng), PDAF, OIS 50 MP (tele tiềm vọng) 8 MP (góc siêu rộng) Quay phim: 4K, 1080p | Camera trước: 16 MP (góc rộng) Quay phim: 1080p@30fps/60fps | Bộ nhớ trong: 256GB-1TB, UFS 4.1 | Thẻ SIM: 2 SIM Nano | Dung lượng pin: Si/C Li-Ion 8000 mAh Sạc nhanh 80W | Thiết kế: Khung kim loại phẳng Kháng nước, bụi IP68/IP69 Cảm biến vân tay siêu âm dưới màn hình"
Điện thoại Realme GT8 5G (Snapdragon 8 Elite - Pin 7000mAh),11.450.000 ₫,11450000,12.450.000₫,12450000,https://mobilecity.vn/dien-thoai/realme-gt8-5g-sieu-manh.html,https://cdn.mobilecity.vn/mobilecity-vn/images/2025/10/realme-gt8-xanh-la.jpg,Realme,2026-04-27 11:53:50,"Màn hình: AMOLED, 144Hz, HDR, 1000 nits (typ), 2000 nits (HBM), 7000 nits (peak) 6.79 inches, 2K (1440 x 3136 pixels) Tỷ lệ 19.5:9, mật độ điểm ảnh ~508 ppi | Hệ điều hành: Android 16, Realme UI 7.0 Hỗ trợ cập nhật 4 bản Android chính | Camera sau: 50 MP, f/1.8, 22mm (góc rộng), 1/1.56"", 1.0µm, PDAF đa hướng, OIS 50 MP, f/2.8, 80mm (tiềm vọng tele), PDAF, OIS, zoom quang 3.5x 8 MP, f/2.2, 16mm, 112˚ (góc siêu rộng) Quay phim: 8K@30fps, 4K@30/60/120fps, 1080p@30/60/120/240fps, gyro-EIS, HDR | Camera trước: 16 MP, f/2.4, 23mm (góc rộng) Quay phim: 1080p@30/60fps | Bộ nhớ trong: 256GB-1TB, UFS 4.0 | Thẻ SIM: 2 SIM Nano | Dung lượng pin: Si/C Li-Ion 7000 mAh Sạc siêu nhanh 100W, 14.4W PD, 45 min to 100% | Thiết kế: Khung nhôm phẳng Mặt lưng sợi thủy tinh/da sinh thái phẳng Kháng nước, bụi IP68/IP69 Cảm biến vân tay siêu âm dưới màn hình"
Điện thoại Realme GT8 Pro (Snapdragon 8 Elite Gen 5 - Pin 7000mAh),15.250.000 ₫,15250000,16.450.000₫,16450000,https://mobilecity.vn/dien-thoai/realme-gt8-pro-man-hinh-2k.html,https://cdn.mobilecity.vn/mobilecity-vn/images/2025/10/realme-gt8-pro-xanh-duong.jpg,Realme,2026-04-27 11:53:50,"Màn hình: LTPO AMOLED, 1 tỷ màu, 144Hz, HDR, Dolby Vision, 1000 nits (typ), 2000 nits (HBM), 7000 nits (peak) 6.79 inches, 2K (1440 x 3136 pixels) Tỷ lệ 19.5:9, mật độ điểm ảnh ~508 ppi | Hệ điều hành: Android 16, Realme UI 7.0 Hỗ trợ cập nhật 4 bản Android chính | Camera sau: 50 MP, f/1.8, 22mm (góc rộng), PDAF, OIS 200 MP, f/2.6, 65mm (tiềm vọng tele), 1/1.56"", PDAF, OIS, zoom quang 3x 50 MP, f/2.0, 16mm, 116˚ (góc siêu rộng) Quay phim: 8K@30fps, 4K@30/60/120fps, 1080p@30/60/120/240fps, gyro-EIS, HDR, Dolby Vision, 10-bit LOG | Camera trước: 32 MP, f/2.4, 24mm (góc rộng) Quay phim: 4K@30/60fps, 1080p@30/60fps; gyro-EIS, HDR, Dolby Vision | Bộ nhớ trong: 256GB-1TB, UFS4.1 | Thẻ SIM: 2 SIM Nano | Dung lượng pin: Si/C Li-Ion 7000mAh Sạc siêu nhanh 120W, 120W UFCS, 14.4W PD, 55W PPS, 14.4W QC, 15 min to 50%, 43 min to 100% Sạc không dây 50W | Thiết kế: Khung nhôm phẳng Mặt lưng sợi thủy tinh/da sinh thái phẳng Kháng nước, bụi IP68/IP69 Cảm biến vân tay siêu âm dưới màn hình"
Điện thoại Realme C21Y Chính hãng,Liên hệ,0,,0,https://mobilecity.vn/realme/realme-c21y.html,https://cdn.mobilecity.vn/mobilecity-vn/images/2021/12/realme-c21y-xanh-1-org.jpg.webp,Realme,2026-04-27 11:53:50,"Màn hình: IPS LCD 6.5 inchs, HD+ (720 x 1600 pixel), tỷ lệ 20:9 Kính cường lực | Hệ điều hành: Android 10/Android 11 | Camera sau: 13 MP, f/2.2, 26mm (góc rộng) 2 MP, f/2.4, (cận cảnh) 2 MP, f/2.4, (đo độ sâu) Quay phim: 1080p@30fps | Camera trước: 5 MP, f/2.2 (góc rộng) Quay phim: 1080p@30fps | Bộ nhớ trong: 32-64GB | Thẻ SIM: 2 SIM, Nano SIM | Dung lượng pin: Li-Po 5000 mAh Sạc 10W | Thiết kế: Thanh + Cảm ứng"
Điện thoại Realme C25Y,Liên hệ,0,,0,https://mobilecity.vn/realme/realme-c25y.html,https://cdn.mobilecity.vn/mobilecity-vn/images/2021/12/realme-c25y.jpg.webp,Realme,2026-04-27 11:53:50,"Màn hình: IPS LCD, 60Hz 6.5 inch, HD+ (720 x 1600 pixel) | Hệ điều hành: Android 11, giao diện người dùng Realme R | Camera sau: 50 MP, f / 1.8, 26 mm (rộng), PDAF 2 MP, f / 2.4, (cận cảnh) 2 MP, f / 2.4, (sâu) Quay phim: 1080p @ 30 khung hình / giây | Camera trước: 8MP Quay phim: 720p @ 30 khung hình / giây | Bộ nhớ trong: 64-128GB | Thẻ SIM: 2 SIM | Dung lượng pin: Li-Po 5000mAh Sạc nhanh 18W | Thiết kế: Thanh + cảm ứng"
Điện thoại Realme V50 (V50S) 5G (Dimensity 6100 Plus),2.650.000 ₫,2650000,,0,https://mobilecity.vn/dien-thoai/realme-v50-dimensity-6100-plus.html,https://cdn.mobilecity.vn/mobilecity-vn/images/2023/12/realme-v50-xanh-tim.jpg.webp,Realme,2026-04-27 11:53:50,"Màn hình: IPS LCD, 120Hz 6.72 inches, Full HD+ (1080 x 2400 pixels) Tỷ lệ 20:9, mật độ điểm ảnh ~392 ppi | Hệ điều hành: Android 13, Realme UI 4.0 | Camera sau: 13 MP (góc rộng), PDAF 2 MP, f/2.4 (độ sâu) Quay phim: 1080p@30fps | Camera trước: 8 MP (góc rộng) Quay phim: 1080p@30fps | Bộ nhớ trong: 128-256GB | Thẻ SIM: 2 SIM, Nano SIM | Dung lượng pin: Li-Po 5000 mAh | Thiết kế: Khung nhựa vuông vức Mặt lưng nhựa giả kính"
Điện thoại Realme Note 60x Chính hãng (Màn hình 90Hz),2.650.000 ₫,2650000,,0,https://mobilecity.vn/dien-thoai/realme-note-60x-chinh-hang.html,https://cdn.mobilecity.vn/mobilecity-vn/images/2025/01/realme-note-60x-chinh-hang-xanh.jpg.webp,Realme,2026-04-27 11:53:50,"Màn hình: IPS LCD, 90Hz, 560 nits (peak) 6.74 inches, HD+ (720 x 1600 pixels) Tỷ lệ 20:9, mật độ điểm ảnh ~260 ppi | Hệ điều hành: Android 14, Realme UI | Camera sau: 8 MP (góc rộng) Quay phim: 1080p@30fps | Camera trước: 5 MP (góc rộng) Quay phim: 720p@30fps | Bộ nhớ trong: 64GB, eMMC 5.1 | Thẻ SIM: 2 SIM Nano | Dung lượng pin: 5000 mAh Sạc 10W | Thiết kế: Vuông vức; Khung nhôm đúc Mặt lưng nhựa phẳng Mặt trước kính Reinforced Kháng nước, bụi IP54 Mở khoá vân tay cạnh viền Mở khoá khuôn mặt"
Điện thoại Realme V60 5G (V60s) (Dimensity 6300),2.750.000 ₫,2750000,3.950.000₫,3950000,https://mobilecity.vn/dien-thoai/realme-v60-5g.html,https://cdn.mobilecity.vn/mobilecity-vn/images/2024/06/realme-v60-vang.jpg.webp,Realme,2026-04-27 11:53:50,"Màn hình: IPS LCD, 120Hz, 500 nits (typ), 625 nits (HBM) 6.67 inches, HD+ (720 x 1604 pixels) Tỷ lệ 20:9, mật độ điểm ảnh ~264 ppi | Hệ điều hành: Android 14, Realme UI 5.0 | Camera sau: 32 MP (góc rộng) Cảm biến phụ Quay phim: 1080p@30fps | Camera trước: 8 MP (góc rộng) Quay phim: 1080p@30fps | Bộ nhớ trong: 128-256GB | Thẻ SIM: 2 SIM, Nano SIM | Dung lượng pin: 5000 mAh Sạc nhanh 15W | Thiết kế: Khung nhựa vuông vức Mặt lưng nhựa phẳng Kháng nước, bụi IP64 Cảm biến vân tay cạnh bên"
Điện thoại Realme C51s (Camera 50MP),2.750.000 ₫,2750000,2.999.000₫,2999000,https://mobilecity.vn/dien-thoai/realme-c51s-camera-50mp.html,https://cdn.mobilecity.vn/mobilecity-vn/images/2024/06/realme-c51s-xanh.jpg.webp,Realme,2026-04-27 11:53:50,"Màn hình: IPS LCD, 90Hz, 560 nits (tối đa) 6.74 inches, HD+ (720 x 1600 pixels) Tỷ lệ 20:9, mật độ điểm ảnh ~260 ppi | Hệ điều hành: Android 13, Realme UI | Camera sau: 50 MP, f/1.8, 27mm (góc rộng), PDAF 0.08 MP, f/3.0 (camera phụ trợ) Quay phim: 1080p@30fps | Camera trước: 5 MP, f/2.2, 28mm (góc rộng), HDR Quay phim: 720p@30fps | Bộ nhớ trong: 128GB, еMMC 5.1 | Thẻ SIM: 2 SIM, Nano SIM | Dung lượng pin: 5000 mAh Sạc nhanh 33W Sạc 0-50% trong 28 phút | Thiết kế: Khung nhựa vuông vức Mặt lưng nhựa phẳng Màn hình phẳng giọt nước Kháng nước, bụi IP54"
Điện thoại Realme V70 5G (Sạc 45W - Dimensity 6300),2.950.000 ₫,2950000,,0,https://mobilecity.vn/dien-thoai/realme-v70-5g-sac-45w.html,https://cdn.mobilecity.vn/mobilecity-vn/images/2024/11/realme-v60-vang.jpg.webp,Realme,2026-04-27 11:53:50,"Màn hình: IPS LCD, 120Hz 6.67 inches, HD+ (720 x 1604 pixels) Tỷ lệ 20:9, mật độ điểm ảnh ~264 ppi | Hệ điều hành: Android 15, Realme UI 6.0 | Camera sau: 32 MP (góc rộng) Quay phim: 1080p@30fps | Camera trước: 8 MP (góc rộng) Quay phim: 1080p@30fps | Bộ nhớ trong: 128-256GB | Thẻ SIM:  | Dung lượng pin: 5000 mAh Sạc nhanh 45W | Thiết kế: "
Điện thoại Realme C51 (Pin 5000mAh - Mini Capsule),3.015.000 ₫,3015000,,0,https://mobilecity.vn/dien-thoai/realme-c51-pin-5000mah-dynamic-island.html,https://cdn.mobilecity.vn/mobilecity-vn/images/2023/07/realme-c51-xanh.jpg.webp,Realme,2026-04-27 11:53:50,"Màn hình: IPS LCD, 90Hz, 560 nits (tối đa) 6.7 inches, HD+ (720p) | Hệ điều hành: Android 13, Realme UI T Edition | Camera sau: 50 MP, f/1.8 5 MP Quay phim: Có | Camera trước: Có | Bộ nhớ trong: 64GB | Thẻ SIM: 2 SIM, Nano SIM | Dung lượng pin: Li-Po 5000 mAh Sạc nhanh 33W | Thiết kế: Vuông vức Khung và mặt lưng nhựa"
Điện thoại Realme Note 70 Chính hãng (Pin 6300mAh),3.050.000 ₫,3050000,3.090.000₫,3090000,https://mobilecity.vn/dien-thoai/realme-note-70-chinh-hang.html,https://cdn.mobilecity.vn/mobilecity-vn/images/2025/07/realme-note-70-vang.jpg.webp,Realme,2026-04-27 11:53:50,"Màn hình: TFT LCD, 90Hz, 563 nits (tối đa) 6.74 inches, HD+ (720 x 1600 Pixels) Tỷ lệ 20:9, mật độ điểm ảnh ~260 ppi | Hệ điều hành: Android 15, Realme UI | Camera sau: 13 MP (góc rộng), PDAF Quay phim: 720p@30fps | Camera trước: 5 MP (góc rộng) Quay phim: 720p@30fps | Bộ nhớ trong: 64-128GB | Thẻ SIM: 2 SIM Nano | Dung lượng pin: Li-Ion 6300 mAh Sạc nhanh 15W Sạc kèm theo máy 15 W | Thiết kế: Khung nhựa phẳng Mặt lưng nhựa phẳng Kháng nước, bụi IP54 Siêu bền tiêu chuẩn Quân đội MIL-STD-810H Cảm biến vân tay cạnh bên"
Điện thoại Realme C65 5G (Dimensity 6300),3.150.000 ₫,3150000,,0,https://mobilecity.vn/dien-thoai/realme-c65-5g-dimensity-6300.html,https://cdn.mobilecity.vn/mobilecity-vn/images/2024/04/realme-c65-5g-xanh.jpg.webp,Realme,2026-04-27 11:53:50,"Màn hình: IPS LCD, 120Hz, 500 nits (typ), 625 nits (HBM) 6.67 inches, HD+ (720 x 1604 pixels) Tỷ lệ 20:9, mật độ điểm ảnh ~264 ppi | Hệ điều hành: Android 14, Realme UI 5.0 | Camera sau: 50 MP, f/1.8 (góc rộng), PDAF Ống kính/cảm biến phụ Quay phim: 1080p@30fps | Camera trước: 8 MP, f/2.0 (góc rộng), Panorama Quay phim: 1080p@30fps | Bộ nhớ trong: 64-128GB | Thẻ SIM: 2 SIM, Nano SIM | Dung lượng pin: 5000 mAh Sạc nhanh 15W | Thiết kế: Khung nhựa vuông vức Mặt lưng nhựa giả kính Kháng nước, bụi IP54 Cảm biến vân tay cạnh bên"
Điện thoại Realme C63 (Màn 90Hz - Sạc 45W),3.150.000 ₫,3150000,,0,https://mobilecity.vn/dien-thoai/realme-c63-man-90hz-sac-45w.html,https://cdn.mobilecity.vn/mobilecity-vn/images/2024/06/realme-c63-xanh-duong.jpg.webp,Realme,2026-04-27 11:53:50,"Màn hình: IPS LCD, 90Hz, 560 nits (HBM) 6.75 inches, HD+ (720 x 1600 pixels) Tỷ lệ 20:9, mật độ điểm ảnh ~260 ppi | Hệ điều hành: Android 14, Realme UI 5.0 | Camera sau: 50 MP, f/1.8, (góc rộng), PDAF Ống kính phụ trợ Quay phim: 1080p@30fps | Camera trước: 8 MP, f/2.0 (góc rộng) Quay phim: 720p@30fps | Bộ nhớ trong: 128-256GB | Thẻ SIM: 2 SIM, Nano SIM | Dung lượng pin: 5000 mAh Sạc nhanh 45W | Thiết kế: Khung nhựa vuông vức Mặt lưng nhựa/da tổng hợp Kháng nước, bụi IP54"
Điện thoại Realme Narzo N65 5G (Chip Dimensity 6300 - IP54),3.250.000 ₫,3250000,3.490.000₫,3490000,https://mobilecity.vn/dien-thoai/realme-narzo-n65-5g-ip54.html,https://cdn.mobilecity.vn/mobilecity-vn/images/2024/05/realme-narzo-n65-5g-xanh.jpg.webp,Realme,2026-04-27 11:53:50,"Màn hình: IPS LCD, 120Hz, 500 nits (typ), 625 nits (HBM) 6.67 inches, HD+ (720 x 1604 pixels) Tỷ lệ 20:9, mật độ điểm ảnh ~264 ppi | Hệ điều hành: Android 14, Realme UI 5.0 | Camera sau: 50 MP, f/1.8 (góc rộng), PDAF Ống kính/cảm biến phụ Quay phim: 1080p@30fps | Camera trước: 8 MP, f/2.0 (góc rộng), Panorama Quay phim: 1080p@30fps | Bộ nhớ trong: 128GB | Thẻ SIM: 2 SIM, Nano SIM | Dung lượng pin: 5000 mAh Sạc nhanh 15W | Thiết kế: Khung nhựa vuông vức Mặt lưng nhựa giả kính Kháng nước, bụi IP54 Cảm biến vân tay cạnh bên"
Điện thoại Realme 11 5G (Dimensity 6020),3.250.000 ₫,3250000,4.950.000₫,4950000,https://mobilecity.vn/dien-thoai/realme-11-man-fullhd.html,https://cdn.mobilecity.vn/mobilecity-vn/images/2023/05/realme-11-cam.jpg.webp,Realme,2026-04-27 11:53:50,"Màn hình: Super AMOLED, 90Hz, 600 nits, 1000 nits (tối đa) 6.43 inches, Full HD+ (1080 x 2400 pixels), tỷ lệ 20:9 | Hệ điều hành: Android 13, Realme UI 4.0 | Camera sau: 64 MP, f/1.8, 25mm (góc rộng), PDAF 2MP, f/2.4 (độ sâu) Quay phim: 1080p@30fps | Camera trước: 8 MP, f/2.1, 24mm (góc rộng) HDR, panorama Quay phim: 1080p@30fps | Bộ nhớ trong: 128-256GB, UFS 2.2 | Thẻ SIM: 2 SIM, Nano SIM | Dung lượng pin: Li-Po 5000 mAh Sạc nhanh 33W Sạc 50% trong 29 ph (QC) | Thiết kế: Khung nhựa Mặt lưng nhựa"
Điện thoại Vivo iQOO Z10x 5G (Dimensity 7300),4.950.000 ₫,4950000,4.950.000₫,4950000,https://mobilecity.vn/dien-thoai/vivo-iqoo-z10x-5g.html,https://cdn.mobilecity.vn/mobilecity-vn/images/2025/04/vivo-iqoo-z10x-xanh.jpg.webp,Vivo,2026-04-27 11:55:14,"Màn hình: IPS LCD, 120Hz, 1050 nits (HBM) 6.72 inches, Full HD+ (1080 x 2408 pixels) Tỷ lệ 20:9, mật độ điểm ảnh ~393 ppi | Hệ điều hành: Android 15, OriginOS 5 | Camera sau: 50 MP, f/1.8 (góc rộng), PDAF 2 MP, f/2.4 (depth) Quay phim: 4K, 1080p, gyro-EIS | Camera trước: 8 MP, f/2.05 (góc rộng) Quay phim: 1080p@30fps | Bộ nhớ trong: 128-512GB, UFS 3.1 | Thẻ SIM: 2 SIM Nano | Dung lượng pin: Li-Ion 6500mAh Sạc nhanh 44W Hỗ trợ sạc ngược | Thiết kế: Khung nhựa phẳng Mặt lưng nhựa cong nhẹ Chuẩn độ bền quân đội Mỹ (MIL-STD-810H) Nhận diện khuôn mặt Face Wake"
Điện thoại Vivo iQOO Z9 Turbo 5G (Snapdragon 8s Gen 3 - Pin 6000mAh),5.750.000 ₫,5750000,7.950.000₫,7950000,https://mobilecity.vn/dien-thoai/vivo-iqoo-z9-turbo-snapdragon-8s-gen-3.html,https://cdn.mobilecity.vn/mobilecity-vn/images/2024/04/vivo-iqoo-z9-turbo-xanh.jpg.webp,Vivo,2026-04-27 11:55:14,"Màn hình: AMOLED, 1 tỷ màu, 144Hz, HDR, 4500 nits (tối đa) 6.78 inches, 1.5K (1260 x 2800 pixels) Tỷ lệ 20:9, mật độ điểm ảnh ~453 ppi Always-on display | Hệ điều hành: Android 14, OriginOS 4 | Camera sau: 50 MP, f/1.8 (góc rộng), PDAF, OIS 8 MP, f/2.2 (góc siêu rộng) Quay phim: 4K@30/60fps, 1080p, gyro-EIS, OIS | Camera trước: 16 MP, f/2.5 (góc rộng) Quay phim: 1080p@30fps | Bộ nhớ trong: 256-512GB, UFS 4.0 | Thẻ SIM: 2 SIM, Nano SIM | Dung lượng pin: 6000 mAh Sạc nhanh 80W Sạc ngược có dây 7.5W | Thiết kế: Khung nhựa vuông vức Mặt lưng nhựa phẳng bo cong nhẹ Kháng nước, bụi IP64"
Điện thoại Vivo iQOO Z9 5G (Snapdragon 7 Gen 3),5.850.000 ₫,5850000,5.950.000₫,5950000,https://mobilecity.vn/dien-thoai/vivo-iqoo-z9-5g-snapdragon-7-gen-3.html,https://cdn.mobilecity.vn/mobilecity-vn/images/2024/04/vivo-iqoo-z9-china-den.jpg.webp,Vivo,2026-04-27 11:55:14,"Màn hình: AMOLED, 1 tỷ màu, 144Hz, HDR, 4500 nits (tối đa) 6.78 inches, 1.5K (1260 x 2800 pixels) Tỷ lệ 20:9, mật độ điểm ảnh ~453 ppi Always-on Display | Hệ điều hành: Android 14, OriginOS 4 | Camera sau: 50 MP, f/1.8 (góc rộng), PDAF 2 MP, f/2.4 (độ sâu) Quay phim: 4K@30fps, 1080p, gyro-EIS | Camera trước: 16 MP, f/2.5 (góc rộng) Quay phim: 1080p@30fps | Bộ nhớ trong: 128-512GB, UFS 2.2 | Thẻ SIM: 2 SIM, Nano SIM | Dung lượng pin: 6000 mAh Sạc nhanh 80W Sạc ngược 7.5W (dây) | Thiết kế: Khung nhựa vuông vức Mặt lưng nhựa cong nhẹ Kháng nước, bụi IP64 Cảm biến vân tay dưới màn hình"
Điện thoại Vivo iQOO Z9 Turbo Plus (Dimensity 9300 Plus),6.450.000 ₫,6450000,8.950.000₫,8950000,https://mobilecity.vn/dien-thoai/vivo-iqoo-z9-turbo-plus.html,https://cdn.mobilecity.vn/mobilecity-vn/images/2024/09/vivo-iqoo-z9-turbo-plus-titan.jpg.webp,Vivo,2026-04-27 11:55:14,"Màn hình: AMOLED, 1 tỷ màu, 144Hz, HDR, 4500 nits (peak) 6.78 inches, 1.5K (1260 x 2800 pixels) Tỷ lệ 20:9, mật độ điểm ảnh ~453 ppi Always-on display | Hệ điều hành: Android 14, OriginOS 4 | Camera sau: 50 MP, f/1.8 (góc rộng), PDAF, OIS 8 MP, f/2.2 (góc siêu rộng) Quay phim: 4K@30/60fps, 1080p, gyro-EIS, OIS | Camera trước: 16 MP, f/2.5 (góc rộng) Quay phim: 1080p@30fps, gyro-EIS | Bộ nhớ trong: 256-512GB, UFS 4.0 | Thẻ SIM: 2 SIM, Nano SIM | Dung lượng pin: Pin 6400 mAh Sạc nhanh 80W Sạc ngược (dây) 7.5W | Thiết kế: Khung nhựa phẳng Mặt lưng nhựa bo cong nhẹ Màn hình đục lỗ phẳng Kháng nước, bụi IP64 Cảm biến vân tay dưới màn hình"
Điện thoại Vivo Y78 (t1) 5G (Dimensity 6020),6.688.000 ₫,6688000,6.990.000₫,6990000,https://mobilecity.vn/dien-thoai/vivo-y78-t1-5g-dimensity-6020.html,https://cdn.mobilecity.vn/mobilecity-vn/images/2023/10/vivo-y78-t1-xanh.jpg.webp,Vivo,2026-04-27 11:55:14,"Màn hình: IPS LCD 6.64 inches, Full HD+ (1080 x 2388 pixels) Tỷ lệ 19.9:9, mật độ điểm ảnh ~395 ppi | Hệ điều hành: Android 13, OriginOS 3 | Camera sau: 50 MP, f/1.8 (góc rộng), AF, zoom kỹ thuật số 10x 2 MP, f/2.4 (độ sâu) Quay phim: 1080p, 720p | Camera trước: 8 MP, f/2.0 (góc rộng) Quay phim: 1080p, 720p | Bộ nhớ trong: 256GB, UFS 2.2 | Thẻ SIM: 2 SIM, Nano SIM | Dung lượng pin: Li-Po 5000mAh Sạc nhanh 44W | Thiết kế: Khung nhựa vuông vức Mặt lưng nhựa với các họa tiết đặc trưng Mặt trước kính, màn hình đục lỗ Cảm biến vân tay cạnh bên Nhận dạng khuôn mặt Face Wake"
Điện thoại Vivo iQOO Neo 10 (Snapdragon 8 Gen 3),7.450.000 ₫,7450000,9.950.000₫,9950000,https://mobilecity.vn/dien-thoai/vivo-iqoo-neo-10.html,https://cdn.mobilecity.vn/mobilecity-vn/images/2024/11/iqoo-neo10-trang.jpg.webp,Vivo,2026-04-27 11:55:14,"Màn hình: LTPO AMOLED, 1 tỷ màu, 144Hz, HDR10+, 1800 nits (HBM), 4500 nits (peak) 6.78 inches, 1.5k (1260 x 2800 pixels) Tỷ lệ 20:9, mật độ điểm ảnh ~453 ppi | Hệ điều hành: Android 15, OriginOS 5 | Camera sau: 50 MP, f/1.8 (góc rộng), 1/1.56"", PDAF, OIS 8 MP, f/2.2, 119˚ (góc siêu rộng) Quay phim: 8K, 4K, 1080p, gyro-EIS | Camera trước: 16 MP, f/2.5 (góc rộng) Quay phim: 1080p@30fps | Bộ nhớ trong: 256GB-1TB, UFS 4.1 | Thẻ SIM: 2 Nano SIM | Dung lượng pin: Si/C 6100 mAh Sạc nhanh 120W, 100W PPS+PD Sạc 50% pin trong 15 ph (QC) Hỗ trợ sạc ngược (dây) | Thiết kế: Khung nhựa phẳng Mặt lưng cong nhẹ Màn hình phẳng (kính cường lực) Cảm biến vân tay siêu âm dưới màn hình"
Điện thoại Vivo iQOO Z10 Turbo (Dimensity 8400 - Pin 7620mAh),7.750.000 ₫,7750000,8.950.000₫,8950000,https://mobilecity.vn/dien-thoai/vivo-iqoo-z10-turbo-pin-7000mah.html,https://cdn.mobilecity.vn/mobilecity-vn/images/2025/04/vivo-iqoo-z10-turbo-sac-mac.jpg.webp,Vivo,2026-04-27 11:55:14,"Màn hình: AMOLED, 1 tỷ màu, 144Hz, HDR, 2000 nits (HBM), 4400 nits (peak) 6.78 inches, 1.5K (1260 x 2800 pixels) Tỷ lệ 20:9, mật độ điểm ảnh ~453 ppi Always-on display | Hệ điều hành: Android 15, OriginOS 5 | Camera sau: 50 MP, f/1.8 (góc rộng), 1/1.95"", 0.8µm, PDAF, OIS 2 MP, f/2.4 (depth) Quay phim: 4K, 1080p, gyro-EIS, OIS | Camera trước: 16 MP, f/2.5 (góc rộng), 1/3.0"", 1.0µm Quay phim: 1080p@30fps, gyro-EIS | Bộ nhớ trong: 256-512GB, UFS 4.1 | Thẻ SIM: 2 SIM Nano | Dung lượng pin: Si/C Li-Ion 7620 mAh Sạc nhanh 90W, 100% trong 55 phút Hỗ trợ sạc ngược (dây) | Thiết kế: Khung nhựa phẳng Mặt lưng nhựa cong nhẹ Kháng nước, bụi IP65 Cảm biến vân tay quang học dưới màn hình Nhận diện khuôn mặt Face Wake"
Điện thoại Vivo iQOO Z10 Turbo Pro (Snapdragon 8s Gen 4 - Pin 7000mAh),8.250.000 ₫,8250000,9.950.000₫,9950000,https://mobilecity.vn/dien-thoai/vivo-iqoo-z10-turbo-pro.html,https://cdn.mobilecity.vn/mobilecity-vn/images/2025/04/vivo-iqoo-z10-turbo-pro-cam.jpg.webp,Vivo,2026-04-27 11:55:14,"Màn hình: AMOLED, 1 tỷ màu, 144Hz, HDR, 2000 nits (HBM), 4400 nits (peak) 6.78 inches, 1.5K (1260 x 2800 pixels) Tỷ lệ 20:9, mật độ điểm ảnh ~453 ppi Always-on display | Hệ điều hành: Android 15, OriginOS 5 | Camera sau: 50 MP, f/1.8 (góc rộng), PDAF, OIS 8 MP, f/2.2 (góc siêu rộng) Quay phim: 4K@30/60fps, 1080p, gyro-EIS, OIS | Camera trước: 16 MP f/2.5 (góc rộng), 1/3.0"", 1.0µm Quay phim: 1080p@30fps, gyro-EIS | Bộ nhớ trong: 256-512GB, UFS 4.1 | Thẻ SIM: 2 SIM Nano | Dung lượng pin: Si/C Li-Ion 7000 mAh Sạc nhanh 120W, 100W PD, 100W PPS, sạc 100% trong 33 phút Hỗ trợ sạc ngược (dây) | Thiết kế: Khung nhựa phẳng Mặt lưng nhựa cong nhẹ Kháng nước, bụi IP65 Cảm biến vân tay quang học dưới màn hình Nhận diện khuôn mặt Face Wake"
Điện thoại Vivo iQOO Z10 Turbo Plus (Dimensity 9400 Plus - Pin 8000mAh),8.950.000 ₫,8950000,8.950.000₫,8950000,https://mobilecity.vn/dien-thoai/vivo-iqoo-z10-turbo-pro-plus.html,https://cdn.mobilecity.vn/mobilecity-vn/images/2025/08/vivo-iqoo-z10-plus-xam.jpg.webp,Vivo,2026-04-27 11:55:14,"Màn hình: AMOLED, 1 tỷ màu, 144Hz, HDR, 4320Hz PWM, 2000 nits (HBM), 5500 nits (peak) 6.78 inches, 1.5K (1260 x 2800 pixels) Tỷ lệ 20:9, mật độ điểm ảnh ~453 ppi | Hệ điều hành: Android 15, OriginOS 5 | Camera sau: 50 MP, f/1.8 (góc rộng), 1/1.95"", 0.8µm, PDAF, OIS 8 MP, f/2.2 (góc siêu rộng) Quay phim: 4K, 1080p, gyro-EIS, OIS | Camera trước: 16 MP, f/2.5 (góc rộng), 1/3.0"", 1.0µm Quay phim: 1080p@30fps, gyro-EIS | Bộ nhớ trong: 256-512GB, UFS 4.1 | Thẻ SIM: 2 SIM Nano | Dung lượng pin: Si/C Li-ion 8000 mAh Sạc nhanh 90W, 55W PD/PPS Sạc ngược (dây) Hỗ trợ sạc nhánh | Thiết kế: Khung nhựa phẳng Mặt lưng nhựa cong nhẹ Kháng nước, bụi IP65 Cảm biến vân tay dưới màn hình"
Điện thoại Vivo iQOO Neo 10 Pro Plus (Snapdragon 8 Elite - 6800mAh),10.250.000 ₫,10250000,11.950.000₫,11950000,https://mobilecity.vn/dien-thoai/vivo-iqoo-neo-10-pro-plus.html,https://cdn.mobilecity.vn/mobilecity-vn/images/2025/05/vivo-iqoo-neo10-pro-plus-xanh.jpg.webp,Vivo,2026-04-27 11:55:14,"Màn hình: LTPO AMOLED, 1 tỷ màu, 144Hz, HDR10+, 1800 nits (HBM), 4500 nits (peak) 6.82 inches, 2K (1440 x 3168 pixels) Mật độ điểm ảnh ~510 ppi | Hệ điều hành: Android 15, OriginOS 5 | Camera sau: 50 MP, f/1.9, 23mm (góc rộng), PDAF, OIS 8 MP, f/2.2 (góc siêu rộng) Quay phim: 8K, 4K, 1080p, gyro-EIS | Camera trước: 16 MP, f/2.5 (góc rộng) Quay phim: 1080p@30fps | Bộ nhớ trong: 256GB-1TB, UFS 4.1 | Thẻ SIM: 2 SIM Nano | Dung lượng pin: Si/C Li-Ion 6800 mAh Sạc siêu nhanh 120W, 100W PPS+PD Sạc 70% pin trong 25 phút Hỗ trợ sạc ngược (dây) | Thiết kế: Khung nhựa phẳng Mặt lưng cong nhẹ Kháng nước, bụi IP65 Cảm biến vân tay siêu âm dưới màn hình"
Điện thoại Vivo iQOO Z11 Turbo (Snapdragon 8 Gen 5 - Khung kim loại),10.350.000 ₫,10350000,11.350.000₫,11350000,https://mobilecity.vn/dien-thoai/vivo-iqoo-z11-turbo-pin-khung.html,https://cdn.mobilecity.vn/mobilecity-vn/images/2026/01/vivo-iqoo-z11-turbo-0-7.jpg,Vivo,2026-04-27 11:55:14,"Màn hình: AMOLED, 1 tỷ màu, 144Hz, HDR, 1800 nits (HBM), 5000 nits (peak) 6.59 inches, 1.5K (1260x2750 pixels) Tỷ lệ 20:9 Always-on display | Hệ điều hành: Android 16, OriginOS 6 | Camera sau: 200 MP, f/1.8 (góc rộng), 1/1.95"", 0.8µm, PDAF, OIS 8 MP, f/2.2 (góc siêu rộng) Quay phim: 4K, 1080p, gyro-EIS, OIS | Camera trước: 32 MP, f/2.2 (góc rộng) Quay phim: 4K@30fps | Bộ nhớ trong: 256-512GB, UFS 4.1 | Thẻ SIM: 2 SIM Nano | Dung lượng pin: Si/C Li-Ion 7600 mAh Sạc nhanh 100W | Thiết kế: Khung viền nhôm phẳng Mặt lưng phẳng bằng kính hoặc nhựa gia cố sợi Kháng nước, bụi IP66/IP68/IP69/IP69K Cảm biến vân tay siêu âm dưới màn hình"
Điện thoại Vivo iQOO Neo 11 5G (Snapdragon 8 Elite - Pin 7500mAh),11.350.000 ₫,11350000,12.550.000₫,12550000,https://mobilecity.vn/dien-thoai/vivo-iqoo-neo-11-5g-gia-re.html,https://cdn.mobilecity.vn/mobilecity-vn/images/2025/10/iqoo-neo11-xanh-duong.jpg,Vivo,2026-04-27 11:55:14,"Màn hình: LTPO AMOLED, 1 tỷ màu, 144Hz, 2592Hz PWM, HDR10+ 6.82 inches, 2K (1440 x 3168 pixels) Mật độ điểm ảnh ~510 ppi Kính cường lực Rock + Lớp phủ chống phản xạ | Hệ điều hành: Android 16, OriginOS 6 | Camera sau: 50 MP, f/1.9 (góc rộng), 1/1.56"", PDAF, OIS 8 MP, f/2.2, 119˚ (góc siêu rộng) Quay phim: 8K, 4K, 1080p, gyro-EIS | Camera trước: 16 MP, f/2.5 (góc rộng) Quay phim: 1080p@30fps | Bộ nhớ trong: 256GB-1TB, UFS 4.1 | Thẻ SIM: 2 SIM Nano | Dung lượng pin: Si/C Li-Ion 7500 mAh Sạc nhanh 100W, 44W UFCS, 55W PD3.0/PPS Hỗ trợ sạc ngược | Thiết kế: Khung hợp kim nhôm phẳng Mặt lưng sợi thủy tinh phẳng Kháng nước, bụi IP68/IP69 + Chống rơi ở độ cao 1.2m Cảm biến vân tay siêu âm dưới màn hình"
Điện thoại Vivo X200s 5G (Dimensity 9400 Plus),13.950.000 ₫,13950000,14.890.000₫,14890000,https://mobilecity.vn/dien-thoai/vivo-x200s-5g.html,https://cdn.mobilecity.vn/mobilecity-vn/images/2025/04/vivo-x200s-xanh.jpg.webp,Vivo,2026-04-27 11:55:14,"Màn hình: AMOLED, 1 tỷ màu, 120Hz, HDR10+, HDR Vivid, 5000 nits (peak) 6.67 inches, 1.5K (1260 x 2800 pixels) Tỷ lệ 20:9, mật độ điểm ảnh ~460 ppi Hỗ trợ hình ảnh Ultra HDR | Hệ điều hành: Android 15, OriginOS 5 | Camera sau: 50 MP, f/1.6, 23mm (góc rộng), 1/1.56"", PDAF, OIS 50 MP, f/2.6, 70mm (tiềm vọng tele), 1/1.95"", PDAF, OIS, zoom quang 3x 50 MP, f/2.0, 15mm, 119˚ (góc siêu rộng), 1/2.76"", 0.64µm, AF Quay phim: 4K@30/60fps, 1080p@30/60/120/240fps, gyro-EIS | Camera trước: 32 MP, f/2.0, 20mm (góc siêu rộng) Quay phim: 4K@30/60fps, 1080p@30/60fps | Bộ nhớ trong: 256GB-1TB, UFS 4.1 | Thẻ SIM: 2 SIM Nano + eSIM Hoặc 2 SIM Nano | Dung lượng pin: Si/C Li-Ion 6200 mAh Sạc nhanh 90W Sạc không dây 40W Hỗ trợ sạc ngược (dây) | Thiết kế: Khung hợp kim nhôm phẳng Mặt lưng kính phẳng; Màn hình đục lỗ phẳng Cảm biến vân tay siêu âm 3D dưới màn hình Kháng nước, bụi IP68/IP69"
Điện thoại Vivo iQOO 13 5G (Snapdragon 8 Elite),14.550.000 ₫,14550000,15.950.000₫,15950000,https://mobilecity.vn/dien-thoai/vivo-iqoo-13-5g-snapdragon-8-gen-4.html,https://cdn.mobilecity.vn/mobilecity-vn/images/2024/10/iqoo-13-mau-xam.jpg.webp,Vivo,2026-04-27 11:55:14,"Màn hình: LTPO AMOLED, 1 tỷ màu, 144Hz, 2592Hz PWM, HDR10+, 800 nits (typ), 1800 nits (HBM), 4500 nits (peak) 6.82 inches, 2K (1440 x 3168 pixels) Tỷ lệ 19.8: 9, mật độ điểm ảnh ~510 ppi Chế độ bảo vệ mắt Kính bảo vệ Crystal Optical | Hệ điều hành: Android 15, OriginOS 5 | Camera sau: 50 MP, f/1.9, 23mm (góc rộng), 1/1.56"", PDAF, OIS 50 MP, f/1.9, 46mm (tele), PDAF, OIS, zoom quang 2x, zoom kỹ thuật số 30x 50 MP, f/2.0 (góc siêu rộng), 1/2.76"", AF Quay phim: 8K@30fps, 4K@24/30/60fps, 1080p@30/60/120/240fps, gyro-EIS | Camera trước: 32 MP, f/2.5, (góc rộng), HDR Quay phim: 1080p@30fps | Bộ nhớ trong: 256GB-1TB, UFS 4.0 | Thẻ SIM: 2 SIM, Nano SIM | Dung lượng pin: Si/C 6150 mAh Sạc siêu nhanh 120W, PPS 100% pin trong 30 phút (QC) | Thiết kế: Khung nhôm phẳng Mặt lưng kính bo cong nhẹ Cảm biến vân tay siêu âm dưới màn hình Kháng nước, bụi IP68/IP69 RGB LED xung quanh cụm camera"
Điện thoại Vivo X200 Pro 5G (Dimensity 9400 - Pin 6000mAh),16.250.000 ₫,16250000,,0,https://mobilecity.vn/dien-thoai/vivo-x200-pro-chip-khung-nhat.html,https://cdn.mobilecity.vn/mobilecity-vn/images/2024/10/vivo-x200-pro-xanh-duong.jpg.webp,Vivo,2026-04-27 11:55:14,"Màn hình: LTPO AMOLED, 1 tỷ màu, 120Hz, HDR10+, Dolby Vision, 4500 nits (peak) 6.78 inches, 1.5K (1260 x 2800 pixels) Tỷ lệ 20:9, mật độ điểm ảnh ~452 ppi | Hệ điều hành: Android 15, OriginOS 5 | Camera sau: 50 MP, f/1.6, 23mm (góc rộng), 1/1.28"", 1.22µm, PDAF, OIS 200 MP, f/2.7, 85mm (tiềm vọng tele), 1/1.4"", 0.56µm, multi-directional PDAF, OIS, 3.7x optical zoom, macro 2.7:1 50 MP, f/2.0, 15mm, 119˚ (góc siêu rộng), 1/2.76"", 0.64µm, AF Quay phim: 8K@30fps, 4K@30/60/120fps, 1080p, gyro-EIS, 10-bit HDR | Camera trước: 32 MP, f/2.0, 20mm (góc siêu rộng), HDR Quay phim: 4K@30/60fps, 1080p@30/60fps | Bộ nhớ trong: 256GB-1TB, UFS 4.0 | Thẻ SIM: 2 SIM, Nano SIM | Dung lượng pin: Si/C 6000 mAh Sạc nhanh 90W Sạc không dây 30W Hỗ trợ sạc ngược (dây) | Thiết kế: Khung hợp kim nhôm phẳng Mặt lưng kính cong nhẹ Màn hình cong nhẹ kính Scratch/drop-resistant Cảm biến vân tay siêu âm dưới màn hình Kháng nước, bụi IP68/IP69"
Điện thoại Vivo iQOO 15 (Snapdragon 8 Elite Gen 5 - 7000mAh),16.250.000 ₫,16250000,16.950.000₫,16950000,https://mobilecity.vn/dien-thoai/vivo-iqoo-15-5g.html,https://cdn.mobilecity.vn/mobilecity-vn/images/2025/10/vivo-iqoo-15-trang.jpg,Vivo,2026-04-27 11:55:14,"Màn hình: LTPO AMOLED, 1 tỷ màu, 144Hz, 2592Hz PWM, Dolby Vision, HDR10+, HDR Vivid, 1000 nits (typ), 2600 nits (HBM), 6000 nits (peak) 6.85 inches, 2K (1440 x 3168 pixels) Mật độ điểm ảnh ~508 ppi | Hệ điều hành: Android 16, OriginOS 6 Hỗ trợ cập nhật 4 bản Android chính | Camera sau: 50 MP, f/1.9 (góc rộng), 1/1.56"", 1.0µm, PDAF, OIS 50 MP, f/2.7 (tele tiềm vọng), 1/1.95"", 0.8µm, PDAF, OIS, zoom quang 3x 50 MP, f/2.1, 15mm (góc siêu rộng), 1/2.76"", 0.64µm, AF Quay phim: 8K@30fps, 4K@24/30/60fps, 1080p@30/60/120/240fps, gyro-EIS | Camera trước: 32 MP, f/2.2, 21mm (góc rộng), HDR Quay phim: 4K@30/60fps, 1080p@30/60fps | Bộ nhớ trong: 256GB-1TB, UFS 4.1 | Thẻ SIM: 2 SIM Nano | Dung lượng pin: Si/C Li-Ion 7000 mAh Sạc nhanh 100W, PPS Sạc không dây 40W | Thiết kế: Khung kim loại phẳng Mặt lưng phẳng Kháng nước, bụi IP68/IP69 Cảm biến vân tay siêu âm dưới màn hình"
Điện thoại Vivo X300 5G (Dimensity 9500 - Pin 6040mAh),16.650.000 ₫,16650000,17.990.000₫,17990000,https://mobilecity.vn/dien-thoai/vivo-x300-5g-camera-zeiss.html,https://cdn.mobilecity.vn/mobilecity-vn/images/2025/10/vivo-x300-tim.jpg,Vivo,2026-04-27 11:55:14,"Màn hình: LTPO AMOLED, 1 tỷ màu, 120Hz, 2160Hz PWM, HDR10+, HDR Vivid, 4500 nits (peak) 6.31 inches, 1.5K (1216 x 2640 pixels) Tỷ lệ 19.5:9, mật độ điểm ảnh ~460 ppi | Hệ điều hành: Android 16, OriginOS 6 | Camera sau: 200 MP, f/1.7, 23mm (góc rộng), 1/1.4"", 0.56µm, PDAF, OIS 50 MP, f/2.6, 70mm (tiềm vọng tele), zoom quang 3x, 1/1.95"", PDAF, OIS 50 MP, f/2.0, 15mm, 119˚ (góc siêu rộng), 1/2.76"", 0.64µm, AF Quay phim: 4K@30/60/120fps, 1080p@30/60/120/240fps, gyro-EIS, 4K@120fps HDR | Camera trước: 50 MP, f/2.0 (góc siêu rộng), 1/2.76"", 0.64µm, AF Quay phim: 4K@30/60fps, 1080p@30/60fps | Bộ nhớ trong: 256GB-1TB, UFS 4.1 | Thẻ SIM: 2 SIM Nano (Trung Quốc) 2 SIM Nano + eSIM (Quốc tế) | Dung lượng pin: Si/C Li-Ion 6040 mAh Sạc nhanh 90W Sạc không dây 40W Hỗ trợ sạc ngược (dây) | Thiết kế: Khung hợp kim nhôm phẳng Mặt lưng kính phẳng Kháng nước, bụi IP68/IP69 Cảm biến vân tay siêu âm dưới màn hình"
Điện thoại Vivo X300 Pro 5G (Dimensity 9500 - Pin 6510mAh),19.950.000 ₫,19950000,21.990.000₫,21990000,https://mobilecity.vn/dien-thoai/vivo-x300-pro-camera-khung.html,https://cdn.mobilecity.vn/mobilecity-vn/images/2025/10/vivo-x300-pro-nau.jpg,Vivo,2026-04-27 11:55:14,"Màn hình: LTPO AMOLED, 1 tỷ màu, 120Hz, 2160Hz PWM, HDR10+, HDR Vivid, Dolby Vision, 4500 nits (peak) 6.78 inches, 1.5K (1260 x 2800 pixels) Tỷ lệ 20:9, mật độ điểm ảnh ~452 ppi | Hệ điều hành: Android 16, OriginOS 6 | Camera sau: 50 MP, f/1.6, 24mm (góc rộng), 1/1.28"", 1.22µm, PDAF, OIS 200 MP, f/2.7, 85mm (tiềm vọng tele), 1/1.4"", 0.56µm, multi-directional PDAF, OIS, zoom quang 3.7x, macro 2.7:1 50 MP, f/2.0, 15mm, 119˚ (góc siêu rộng), 1/2.76"", 0.64µm, AF Quay phim: 8K@30fps, 4K@30/60/120fps, 1080p@30/60/120/240fps, gyro-EIS, 4K@120fps 10-bit Log, Dolby Vision HDR | Camera trước: 50 MP, f/2.0 (góc rộng), 1/2.76"", 0.64µm, AF Quay phim: 4K@30/60fps, 1080p@30/60fps | Bộ nhớ trong: 256GB-1TB, UFS 4.1 | Thẻ SIM: 2 SIM Nano (Trung Quốc) 2 SIM Nano + eSIM (Quốc tế) | Dung lượng pin: Si/C Li-Ion 6510 mAh Sạc nhanh 90W Sạc không dây 40W Hỗ trợ sạc ngược có dây và không dây | Thiết kế: Khung hợp kim nhôm phẳng Mặt lưng kính phẳng Kháng nước, bụi IP68/IP69 Cảm biến vân tay siêu âm dưới màn hình"
Điện thoại Vivo X200 Ultra (Snapdragon 8 Elite),21.250.000 ₫,21250000,23.050.000₫,23050000,https://mobilecity.vn/dien-thoai/vivo-x200-ultra-snapdragon-8-gen-4.html,https://cdn.mobilecity.vn/mobilecity-vn/images/2025/04/vivo-x200-ultra-trang.jpg.webp,Vivo,2026-04-27 11:55:14,"Màn hình: LTPO AMOLED, 1 tỷ màu, 120Hz, Dolby Vision, HDR Vivid, 4500 nits (peak) 6.82 inches, 2K (1440 x 3168 pixels) Mật độ điểm ảnh ~510 ppi Kính cường lực Armor | Hệ điều hành: Android 15, OriginOS 5 | Camera sau: 50 MP, f/1.7, 35mm (góc rộng), 1/1.28"", 1.22µm, dual pixel PDAF, gimbal OIS 200 MP, f/2.3, 85mm (tiềm vọng tele), 1/1.4"", 0.56µm, PDAF đa hướng, OIS, zoom quang 3.7x, macro 3.4:1 (ống kính zoom bổ sung tùy chọn: f/2.3, 200mm, zoom quang 2.35x, quang học Zeiss) 50 MP, f/2.0, 14mm, 116˚ (góc siêu rộng), 1/1.28"", 1.22µm, PDAF điểm ảnh kép, OIS Quay phim: 8K@30fps, 4K@30/60/120fps, 1080p@30/60/120/240fps, gyro-EIS, Dolby Vision HDR, 10-bit Log, HDR10+ | Camera trước: 50 MP, f/2.5, 24mm (góc rộng), 1/2.76"", 0.64µm, AF, HDR Quay phim: 4K@30/60fps, 1080p@30/60fps | Bộ nhớ trong: 256GB-1TB, UFS 4.1 | Thẻ SIM: 2 SIM Nano | Dung lượng pin: Si/C Li-Ion 6000mAh Sạc nhanh 90W Sạc không dây 40W Hỗ trợ sạc ngược (dây + Không đây) | Thiết kế: Khung nhôm phẳng Mặt lưng kính cong rất nhẹ Màn hình cong nhẹ 4 cạnh Cảm biến vân tay siêu âm 3D dưới màn hình Kháng nước, bụi IP68/IP69"
Điện thoại Vivo Y04 Chính hãng,2.950.000 ₫,2950000,,0,https://mobilecity.vn/dien-thoai/vivo-y04-chinh-hang.html,https://cdn.mobilecity.vn/mobilecity-vn/images/2025/04/vivo-y04-chinh-hang-vang-titan.jpg.webp,Vivo,2026-04-27 11:55:14,"Màn hình: IPS LCD, 90Hz, 570 nits (HBM) 6.74 inches, HD+ (720 x 1600 pixels) Tỷ lệ 20:9, mật độ điểm ảnh ~260 ppi | Hệ điều hành: Android 14, Funtouch 14 | Camera sau: 13 MP, f/2.2 (góc rộng), PDAF 0.08 MP, f/3.0 (phụ) Quay phim: 1080p@30fps | Camera trước: 5 MP, f/2.2 (góc rộng) Quay phim: 1080p@30fps | Bộ nhớ trong: 64-128GB | Thẻ SIM: 2 SIM Nano | Dung lượng pin: Li-Ion 5500 mAh Sạc nhanh 15W | Thiết kế: khung nhựa phẳng Mặt lưng nhựa phẳng Tiêu chuẩn độ bền quân đội MIL-STD-810H Kháng nước, bụi IP64"
"Điện thoại OnePlus Nord CE 2 (Dimensity 900, Màn AMOLED 90Hz)",3.450.000 ₫,3450000,7.650.000₫,7650000,https://mobilecity.vn/dien-thoai/oneplus-nord-ce-2.html,https://cdn.mobilecity.vn/mobilecity-vn/images/2022/04/oneplus-nord-ce-2-mau-den.jpg.webp,OnePlus,2026-04-27 11:56:38,"Màn hình: AMOLED, 90Hz, HDR10+ 6.43 inches, Full HD+ (1080 x 2400 pixels) Corning Gorilla Glass 5 | Hệ điều hành: Android 11, OxygenOS 11 Được lên Android 13, OxygenOS 13 | Camera sau: 64 MP, f/1.8, (góc rộng) 8 MP, f/2.2, 119˚ (góc siêu rộng) 2 MP, f/2.4, (macro) Quay phim: 4K@30fps, 1080p@30/60/120fps, gyro-EIS | Camera trước: 16 MP, f/2.4, (góc rộng) Quay phim: 1080p@30/60fps, gyro-EIS | Bộ nhớ trong: 128GB | Thẻ SIM: 2 SIM, NANO SIM | Dung lượng pin: Li-Po 4500 mAh Sạc nhanh 65W | Thiết kế: Thanh + Cảm ứng"
Điện thoại OnePlus Ace 5 5G (Snapdragon 8 Gen 3),8.250.000 ₫,8250000,9.950.000₫,9950000,https://mobilecity.vn/dien-thoai/oneplus-ace-5-5g-chip-snapdragon.html,https://cdn.mobilecity.vn/mobilecity-vn/images/2024/12/oneplus-ace-5-xanh-la.jpg.webp,OnePlus,2026-04-27 11:56:38,"Màn hình: LTPO AMOLED, 1 tỷ màu, 120Hz, HDR10+, Dolby Vision, 800 nits (typ), 1600 nits (HBM), 4500 nits (peak) 6.78 inches, 1.5K (1264 x 2780 pixels) Mật độ điểm ảnh ~450 ppi | Hệ điều hành: Android 15, ColorOS 15 | Camera sau: 50 MP, f/1.8, 24mm (góc rộng), 1/1.56"", 1.0µm, PDAF, OIS 8 MP, f/2.2, 16mm, 112˚ (góc siêu rộng), 1/4.0"", 1.12µm 2 MP, f/2.4 (macro) Quay phim: 4K@30/60fps, 1080p@30/60/120/240fps, gyro-EIS, OIS | Camera trước: 16 MP, f/2.4, 24mm (góc rộng), 1/3"", 1.0µm HDR, panorama Quay phim: 1080p@30fps, gyro-EIS | Bộ nhớ trong: 256GB-1TB, UFS 4.0 | Thẻ SIM: 2 SIM, Nano SIM | Dung lượng pin: Si/C 6415 mAh Sạc nhanh 80W, 18W PD Sạc đầy 100% trong 35 phút (QC) | Thiết kế: Khung viền nhôm phẳng Mặt lưng kính Crystal Shield/sứ Geramic Kính trước Crystal Shield phẳng Kháng nước, bụi IP65"
Điện thoại OnePlus Ace 6T (Snapdragon 8 Gen 5 - Pin 8300mAh),10.450.000 ₫,10450000,11.990.000₫,11990000,https://mobilecity.vn/dien-thoai/oneplus-ace-6t-snapdragon-8-gen-5.html,https://cdn.mobilecity.vn/mobilecity-vn/images/2025/11/oneplus-ace-6t-tim.jpg,OnePlus,2026-04-27 11:56:38,"Màn hình: AMOLED, 1 tỷ màu, 165Hz, PWM, HDR10+, HDR Vivid, 1800 nits (HBM), 3600 nits (peak) 6.83 inches, 1.5K (1272 x 2800 pixels) Mật độ điểm ảnh ~ 450 ppi Kính Crystal Shield | Hệ điều hành: Android 16, ColorOS 16 | Camera sau: 50 MP, f/1.8, 24mm (góc rộng), 1/1.56"", 1.0µm, PDAF, OIS 8 MP, f/2.2, 16mm, 112˚ (góc siêu rộng), 1/4.0"", 1.12µm Quay phim: 4K@30/60/120fps, 1080p@30/60/120fps, gyro-EIS, OIS | Camera trước: 16 MP, f/2.4, 23mm (góc rộng) HDR, panorama Quay phim: 1080p@30fps, gyro-EIS | Bộ nhớ trong: 256GB-1TB, UFS 4.1 | Thẻ SIM: 2 SIM Nano | Dung lượng pin: Si/C Li-Ion 8300 mAh Sạc nhanh 100W, 100W UFCS, 55W PPS, 18W PD, 18W QC, 50% pin trong 23 phút Sạc ngược (dây) Sạc nhánh Bypass charging | Thiết kế: Khung viền nhôm phẳng Mặt lưng phẳng bằng kính hoặc nhựa gia cố sợi Phủ lớp tương tự gốm Micro-Arc Oxidation ở mặt lưng Kháng nước, bụi IP66/IP68/IP69/IP69K Cảm biến vân tay siêu âm dưới màn hình"
Điện thoại OnePlus 13T 5G (Pin 6260mAh - Snapdragon 8 Elite),10.950.000 ₫,10950000,12.990.000₫,12990000,https://mobilecity.vn/dien-thoai/oneplus-13t-5g.html,https://cdn.mobilecity.vn/mobilecity-vn/images/2025/04/oneplus-13t-hong.jpg.webp,OnePlus,2026-04-27 11:56:38,"Màn hình: LTPO AMOLED, 1 tỷ màu, 120Hz, Dolby Vision, HDR10+, HDR Vivid, 1600 nits (HBM) 6.32 inches, 1.5K (1216 x 2640 pixels) Tỷ lệ 19.5:9, mật độ điểm ảnh ~460 ppi Kính Crystal Shield | Hệ điều hành: Android 15, ColorOS 15 | Camera sau: 50 MP, f/1.8, 24mm (góc rộng), 1/1.56"", 1.0µm, PDAF đa hướng, OIS 50 MP, f/2.0 (telephoto), zoom 2x, PDAF Quay phim: 4K@30/60fps, 1080p@30/60/240fps, gyro-EIS, OIS, Dolby Vision HDR | Camera trước: 16 MP, f/2.4, 24mm (góc rộng) HDR, panorama Quay phim: 1080p@30fps | Bộ nhớ trong: 256GB-1TB, UFS 4.0 | Thẻ SIM: 2 SIM Nano + eSIM Hoặc 2 SIM Nano | Dung lượng pin: Si/C Li-Ion 6260 mAh Sạc nhanh 80W, 33W PPS, 18W PD, 18W QC Sạc ngược 5W (dây) | Thiết kế: Khung hợp kim nhôm phẳng Mặt lưng kính phẳng Kháng nước, bụi IP65 Vân tay quang học dưới màn hình"
Điện thoại OnePlus Ace 6 (Snapdragon 8 Elite - Màn AMOLED 165Hz),11.550.000 ₫,11550000,12.550.000₫,12550000,https://mobilecity.vn/dien-thoai/oneplus-ace-6-gia-re.html,https://cdn.mobilecity.vn/mobilecity-vn/images/2025/10/oneplus-ace-6-bac.jpg,OnePlus,2026-04-27 11:56:38,"Màn hình: AMOLED, 1 tỷ màu, 165Hz, PWM, HDR10+, Dolby Vision, HDR Vivid, 800 nits (typ), 1800 nits (HBM) 6.83 inches, 1.5K (1272 x 2800 pixels) Mật độ điểm ảnh ~450 ppi Kính cường lực Crystal Shield | Hệ điều hành: Android 16, ColorOS 16 | Camera sau: 50 MP, f/1.8, 24mm (góc rộng), PDAF, OIS 8 MP, f/2.2, 16mm, 112˚ (góc siêu rộng), 1/4.0"", 1.12µm Quay phim: 4K@30/60/120fps, 1080p@30/60/120fps, gyro-EIS, OIS | Camera trước: 16 MP, f/2.4, 23mm (góc rộng), 1/3"", 1.0µm HDR, panorama Quay phim: 1080p@30fps, gyro-EIS | Bộ nhớ trong: 256GB-1TB, UFS 4.1 | Thẻ SIM: 2 SIM Nano | Dung lượng pin: Si/C Li-Ion 7800 mAh Sạc nhanh 120W, 120W UFCS, 55W PPS, 18W PD, 18W QC,sạc 58% pin 20 phút, 100% pin trong 43 phút Hỗ trợ sạc nhánh Bypass charging | Thiết kế: Khung hợp kim nhôm phẳng Mặt lưng kính phẳng Kháng nước, bụi IP68/IP69K Cảm biến vân tay siêu âm dưới màn hình"
Điện thoại OnePlus 13 5G (Snapdragon 8 Elite),12.850.000 ₫,12850000,,0,https://mobilecity.vn/dien-thoai/oneplus-13-5g.html,https://cdn.mobilecity.vn/mobilecity-vn/images/2024/10/oneplus-13-xanh.jpg.webp,OnePlus,2026-04-27 11:56:38,"Màn hình: LTPO AMOLED, 1 tỷ màu, 120Hz, Dolby Vision, HDR10+, 800 nits (typ), 1600 nits (HBM), 4500 nits (peak) 6.82 inches, QHD+ (1440 x 3168 pixels) Mật độ điểm ảnh ~510 ppi Always-on Display Kính Crystal Shield super-ceramic | Hệ điều hành: Android 15, ColorOS 15 | Camera sau: 50 MP, f/1.6, 23mm (góc rộng), 1/1.43"", 1.12µm, multi-directional PDAF, OIS 50 MP, f/2.6, 73mm (tiềm vọng tele), 1/1.95"", zoom quang 3x, PDAF, OIS 50 MP, f/2.0, 15mm, 120˚ (góc siêu rộng), PDAF Quay phim: 8K@30fps, 4K@30/60fps, 1080p@30/60/240/480fps, Auto HDR, gyro-EIS, Dolby Vision | Camera trước: 32 MP, f/2.4, 21mm (góc rộng), 1/2.74"", 0.8µm HDR, panorama Quay phim: 4K@30/60fps, 1080p@30/60fps, gyro-EIS | Bộ nhớ trong: 256GB-1TB, UFS 4.0 | Thẻ SIM: 2 Nano SIM + eSIM Hoặc 2 SIM Nano | Dung lượng pin: Si/C 6000 mAh Sạc siêu nhanh 100W, PD, QC (100% trong 36 phút) Sạc không dây 50W Sạc ngược không dây 10W Sạc ngược dây 5W | Thiết kế: Khung nhôm phẳng Mặt lưng da (Xanh) / kính (Đen và Trắng) Kháng nước, bụi IP68/IP69 Cảm biến vân tay siêu âm dưới màn hình"
Điện thoại OnePlus 15 (Snapdragon 8 Elite Gen 5 - Màn 165Hz),16.250.000 ₫,16250000,,0,https://mobilecity.vn/dien-thoai/oneplus-15-5g.html,https://cdn.mobilecity.vn/mobilecity-vn/images/2025/10/oneplus-15-trang.jpg,OnePlus,2026-04-27 11:56:38,"Màn hình: LTPO AMOLED, 1 tỷ màu, 165Hz, PWM, Dolby Vision, HDR10+, HDR Vivid, 800 nits (typ), 1800 nits (HBM) 6.78 inches, 1.5K (1272 x 2772 pixels) Tỷ lệ 19.5:9, mật độ điểm ảnh ~450 ppi Hỗ trợ hình ảnh Ultra HDR Kính cường lực Corning Gorilla | Hệ điều hành: Android 16, ColorOS 16 | Camera sau: 50 MP, f/1.8, 24mm (góc rộng), 1/1.56"", PDAF, OIS 50 MP, f/2.8, 85mm (tiềm vọng tele), zoom quang 3.5x, PDAF, OIS 50 MP, f/2.0, 16mm, 116˚ (góc siêu rộng), PDAF Quay phim: 8K@30fps, 4K@30/60/120fps, 1080p@30/60/240fps, Auto HDR, gyro-EIS, Dolby Vision | Camera trước: 32 MP, f/2.4, 21mm (góc rộng), 1/2.74"", 0.8µm, AF HDR, panorama Quay phim: 4K@30/60fps, 1080p@30/60fps, gyro-EIS, HDR | Bộ nhớ trong: 256GB-1TB, UFS 4.1 | Thẻ SIM: 2 SIM Nano + eSIM - Quốc tế Hoặc 2 SIM Nano - Trung Quốc | Dung lượng pin: Si/C Li-Ion 7300 mAh Sạc nhanh 120W, 120W UFCS, 55W PPS, 36W PD, 36W QC, 50% pin trong 15 phút, 100% pin trong 40 phút Sạc không dây 50W Sạc ngược 10W (không dây) và 5W (dây) | Thiết kế: Khung viền hợp kim nhôm phẳng Mặt lưng kính phẳng Kháng nước, bụi IP68/IP69 Cảm biến vân tay siêu âm dưới màn hình"
Điện thoại Nothing CMF Phone 1 5G (Thay thế nắp lưng như ý),4.950.000 ₫,4950000,,0,https://mobilecity.vn/dien-thoai/nothing-cmf-phone-1-5g-dimensity-7200.html,https://cdn.mobilecity.vn/mobilecity-vn/images/2024/07/nothing-cmf-phone-1-xanh.jpg.webp,OnePlus,2026-04-27 11:56:38,"Màn hình: AMOLED, 120Hz, HDR10+, 500 nits (typ), 2000 nits (tối đa) 6.67 inches, Full HD+ (1080 x 2400 pixels) Mật độ điểm ảnh ~395 ppi; tỷ lệ 20:9 Always On Display | Hệ điều hành: Android 14, Nothing OS 2.6 | Camera sau: 50 MP, f/1.8 (góc rộng), PDAF 2 MP, f/2.4 (độ sâu) Quay phim: 4K@30fps, 1080p@30/60fps, gyro-EIS | Camera trước: 16 MP, f/2.0 (góc rộng) Quay phim: 1080p@30fps | Bộ nhớ trong: 128-256GB | Thẻ SIM: 2 SIM, Nano SIM | Dung lượng pin: 5000 mAh Sạc nhanh 33W Sạc ngược 5W (dây) | Thiết kế: Khung nhựa vuông vức Mặt lưng nhựa/da (silicon polymer) Nắp lưng có thể thay thế Kháng nước, bụi IP52"
Điện thoại OnePlus Ace 2V (Dimensity 9000 - AMOLED 1.5K),5.550.000 ₫,5550000,7.950.000₫,7950000,https://mobilecity.vn/dien-thoai/oneplus-ace-2v-dimensity-9000.html,https://cdn.mobilecity.vn/mobilecity-vn/images/2023/03/oneplus-ace-2v-dimensity-9000-xanh.jpg.webp,OnePlus,2026-04-27 11:56:38,"Màn hình: AMOLED, 1 tỷ màu, 120Hz, HDR10+, 500 nits (typ), 1100 nits (HBM), 1450 nits (tối đa) 6.74 inches, 1.5K (1240 x 2772 pixels), 20:9 Cảm biến vân tay trong màn hình Asahi Glass | Hệ điều hành: Android 13, ColorOS 13 | Camera sau: 64 MP, f/1.7, 25mm (góc rộng), PDAF 8 MP, f/2.2, 16mm, 112˚ (góc siêu rộng) 2 MP, f/2.4, (macro) Quay phim: 4K@30/60fps, 1080p@30/60/120fps, gyro-EIS | Camera trước: 16 MP, f/2.4, 26mm (góc rộng), HDR Quay phim: 1080p@30fps | Bộ nhớ trong: 256-512GB UFS 3.1 | Thẻ SIM: 2 SIM, Nano SIM | Dung lượng pin: Li-Po 5000 mAh Sạc nhanh 80W, 1-100% trong 32 ph | Thiết kế: Thiết kế vuông vức, khung nhựa Kính sau Gorilla Glass 5 Kính trước Asahi Glass"
Điện thoại OnePlus Nord CE 3 Lite 5G (Chính hãng - Snapdragon 695 5G),5.950.000 ₫,5950000,,0,https://mobilecity.vn/dien-thoai/oneplus-nord-ce-3-lite-5g-snapdragon-695.html,https://cdn.mobilecity.vn/mobilecity-vn/images/2023/04/oneplus-nord-ce-3-lite-5g-green.jpg.webp,OnePlus,2026-04-27 11:56:38,"Màn hình: IPS LCD, 120Hz, 550 nits (typ), 680 nits (tối đa) 6.72 inches, Full HD+ (1080 x 2400 pixels), tỷ lệ 20:9 Corning Gorilla Glass | Hệ điều hành: Android 13, OxygenOS 13.1 | Camera sau: 108 MP, f/1.8, (góc rộng), PDAF 2 MP, f/2.4, (macro) 2 MP, f/2.4, (độ sâu) Quay phim: 1080p@30fps | Camera trước: 16 MP, f/2.4 (góc rộng) HDR, panorama Quay phim: 1080p@30fps | Bộ nhớ trong: 256GB, UFS 2.2 | Thẻ SIM: 2 SIM, Nano SIM | Dung lượng pin: Li-Po 5000 mAh Sạc nhanh 67W, 80% trong 30 ph (quảng cáo) | Thiết kế: Khung, mặt lưng nhựa Thiết kế vuông vức"
Điện thoại OnePlus Nord CE 4 Lite 5G (Màn AMOLED - Sạc 80W),6.590.000 ₫,6590000,,0,https://mobilecity.vn/dien-thoai/oneplus-nord-ce-4-lite-5g-cau-hinh-cao.html,https://cdn.mobilecity.vn/mobilecity-vn/images/2024/06/oneplus-nord-ce-4-lite-5g-xanh-duong.jpg.webp,OnePlus,2026-04-27 11:56:38,"Màn hình: AMOLED, 120Hz, 600 nits (typ), 1200 nits (HBM), 2100 nits (tối đa) 6.67 inches, Full HD+ (1080 x 2400 pixels) Tỷ lệ 20:9, mật độ điểm ảnh ~395 ppi | Hệ điều hành: Android 14, OxygenOS 14 | Camera sau: 50 MP, f/1.8, 25mm (góc rộng), PDAF, OIS 2 MP, f/2.4 (độ sâu) Quay phim: 1080p@30fps, gyro-EIS | Camera trước: 16 MP, f/2.4, 24mm (góc rộng) Quay phim: 1080p@30fps, gyro-EIS | Bộ nhớ trong: 128-256GB, UFS 2.2 (Ấn Độ) 256GB, UFS 2.2 (EU) | Thẻ SIM: 2 SIM, Nano SIM | Dung lượng pin: 5500 mAh (Ấn Độ) 5110 mAh (EU) Sạc nhanh 80W Sạc ngược 5W (dây) | Thiết kế: Khung nhựa vuông vức Mặt lưng nhựa phẳng Màn hình phẳng bằng kính Kháng nước, bụi IP54"
Điện thoại OnePlus Nord CE 4 5G (Snapdragon 7 Gen 3),6.950.000 ₫,6950000,,0,https://mobilecity.vn/dien-thoai/oneplus-nord-ce-4-5g-snapdragon-7-gen-3.html,https://cdn.mobilecity.vn/mobilecity-vn/images/2024/04/oneplus-nord-ce4-xanh.jpg.webp,OnePlus,2026-04-27 11:56:38,"Màn hình: Fluid AMOLED, 1 tỷ màu, 120Hz, HDR10+, 900 nits (HBM), 1100 nits (tối đa) 6.7 inches, Full HD+ (1080 x 2412 pixels) Tỷ lệ 20.1:9, mật độ điểm ảnh ~394 ppi | Hệ điều hành: Android 14, ColorOS 14 | Camera sau: 50 MP, f/1.8, 26mm (góc rộng), PDAF, OIS 8 MP, f/2.2, 16mm, 112˚ (góc siêu rộng) Quay phim: 4K@30fps, 1080p@30/60/120fps, gyro-EIS, OIS | Camera trước: 16 MP, f/2.4, 26mm (góc rộng) Quay phim: 1080p@30fps | Bộ nhớ trong: 128-256GB, UFS 3.1 | Thẻ SIM: 2 SIM, Nano SIM | Dung lượng pin: 5500 mAh Sạc siêu nhanh 100W Sạc 1-100% pin trong 29 ph (QC) | Thiết kế: Vuông vức Kháng nước, bụi IP54 Cảm biến vân tay dưới màn hình"
Điện thoại OnePlus Nord 4 5G (Snapdragon 7+ Gen 3),6.950.000 ₫,6950000,,0,https://mobilecity.vn/dien-thoai/oneplus-nord-4-hieu-nang-sieu-manh.html,https://cdn.mobilecity.vn/mobilecity-vn/images/2024/07/oneplus-nord-4-5g-bac.jpg.webp,OnePlus,2026-04-27 11:56:38,"Màn hình: Fluid AMOLED, 1 tỷ màu, 120Hz, 2150 nits (tối đa) 6.74 inches, 1.5K (1240 x 2772 pixels) Hỗ trợ hình ảnh Ultra HDR | Hệ điều hành: Android 14, OxygenOS 14.1 (tối đa 4 bản nâng cấp Android chính) | Camera sau: 50 MP, f/1.8, 25mm (góc rộng), PDAF, OIS 8 MP, f/2.2, 112˚ (góc siêu rộng) Quay phim: 4K@30/60fps, 1080p@30/60/120fps, con quay hồi chuyển-EIS | Camera trước: 16 MP, f/2.4, 24mm (góc rộng) Quay phim: 1080p@30fps | Bộ nhớ trong: 128GB (UFS 3.1) 256-512GB (UFS 4.0) | Thẻ SIM: 2 SIM, Nano SIM | Dung lượng pin: 5500 mAh Sạc nhanh 100W, PPS Sạc 100% pin trong 28 ph (QC) | Thiết kế: Khung nhôm phẳng Mặt lưng nhôm phẳng Kháng nước, bụi IP65"
Điện thoại OnePlus Nord N30 5G (Snapdragon 695 5G),6.950.000 ₫,6950000,,0,https://mobilecity.vn/dien-thoai/oneplus-nord-n30-5g.html,https://cdn.mobilecity.vn/mobilecity-vn/images/2023/06/oneplus-nord-n30.jpg.webp,OnePlus,2026-04-27 11:56:38,"Màn hình: IPS LCD, 120Hz, tỷ lệ 20:9 6.72 inches, Full HD+ (1080 x 2400 pixels) Always-on display | Hệ điều hành: Android 13, OxygenOS 13.1 | Camera sau: 108 MP, f/1.7 (góc rộng), PDAF 2 MP, f/2.4 (macro) 2 MP, f/2.4 (độ sâu) Quay phim: 1080p@30fps | Camera trước: 16 MP, f/2.4, (góc rộng) HDR, panorama Quay phim: 1080p@30fps | Bộ nhớ trong: 128GB, UFS 2.2 | Thẻ SIM: 2 SIM, Nano SIM | Dung lượng pin: Li-Po 5000 mAh Sạc nhanh 50W | Thiết kế: Khung nhựa, mặt lưng nhựa"
Điện thoại Nothing Phone (3a) 5G (Snapdragon 7s Gen 3),7.050.000 ₫,7050000,,0,https://mobilecity.vn/dien-thoai/nothing-phone-3a-5g.html,https://cdn.mobilecity.vn/mobilecity-vn/images/2025/03/nothing-phone-3a-trang.jpg.webp,OnePlus,2026-04-27 11:56:38,"Màn hình: AMOLED, 1 tỷ màu, 120Hz, HDR10+, 800 nits (typ), 1300 nits (HBM), 3000 nits (peak) 6.77 inches, Full HD+ (1080 x 2392 pixels) Mật độ điểm ảnh ~387 ppi Hỗ trợ hình ảnh Ultra HDR Kính Panda | Hệ điều hành: Android 15, Nothing OS 3.1 (hỗ trợ 3 phiên bản Android chính) | Camera sau: 50 MP, f/1.9, 24mm (góc rộng), 1/1.57"", 1.0µm, PDAF, OIS 50 MP, f/2.0, 50mm (tele), 1/2.74"", 0.64µm, PDAF (25cm - ∞), 2x optical zoom 8 MP, f/2.2, 15mm, 120˚ (góc siêu rộng), 1/4.0"", 1.12µm Quay phim: 4K@30fps, 1080p@30/60/120fps, gyro-EIS, OIS | Camera trước: 32 MP, f/2.2, 22mm (góc rộng) Quay phim: 1080p@30fps | Bộ nhớ trong: 128-256GB | Thẻ SIM: 2 SIM Nano | Dung lượng pin: 5000 mAh Sạc nhanh 50W Sạc 100% pin trong 56 phút | Thiết kế: Khung phẳng; măt lưng trong suốt phẳng Màn hình đục lỗ phẳng chiếm 88% mặt trước 3 dải đèn LED ở mặt sau (thông báo, đèn chiếu sáng camera, 26 vùng có thể tùy chỉnh) Kháng nước, bụi IP64"
Điện thoại OnePlus Turbo 6V 5G (màn hình 144Hz siêu mượt),7.250.000 ₫,7250000,,0,https://mobilecity.vn/dien-thoai/oneplus-turbo-6v-sieu-re.html,https://cdn.mobilecity.vn/mobilecity-vn/images/2026/01/oneplus-turbo-6b-00-3.jpg,OnePlus,2026-04-27 11:56:38,"Màn hình: AMOLED, 1 tỷ màu, 144Hz, 1800 nits (peak) 6.78 inches, 1.5K (1264 x 2780 pixels) | Hệ điều hành: Android 16, ColorOS 16 | Camera sau: 50 MP, f/1.9, 27mm (góc rộng), PDAF, OIS Quay phim: 4K@30/60fps, 1080p@30/60/120fps, gyro-EIS | Camera trước: 16 MP, f/2.4 (góc rộng), 1/4"" Quay phim: 1080p@30fps | Bộ nhớ trong: 256GB-512GB, UFS 3.1 | Thẻ SIM: 2 SIM Nano | Dung lượng pin: 9000mAh Sạc nhanh có dây 80W | Thiết kế: Khung nhôm phẳng Mặt lưng kính phẳng Kháng nước, bụi IP68 Cảm biến vân tay quang học dưới màn hình"
Điện thoại OnePlus Ace 5V (Dimensity 9300 - Pin 7000mAh),7.450.000 ₫,7450000,,0,https://mobilecity.vn/dien-thoai/oneplus-ace-5v-chip-manh.html,https://cdn.mobilecity.vn/mobilecity-vn/images/2024/12/oneplus-ace-5v-minh-hoa.jpg.webp,OnePlus,2026-04-27 11:56:38,"Màn hình: AMOLED, 1 tỷ màu, 120Hz, 1100 nits (HBM), 2150 nits (peak) 6.74 inches, 1.5K (1240 x 2772 pixels) Tỷ lệ 20:9, mật độ điểm ảnh ~451 ppi | Hệ điều hành: Android 15, ColorOS 15 | Camera sau: 50 MP (góc rộng), PDAF đa hướng, OIS 8 MP (góc siêu rộng) Quay phim: 4K, 1080p | Camera trước: 16 MP, f/2.4 (góc rộng) Quay phim: 1080p | Bộ nhớ trong: 256GB-1TB, UFS 4.0 | Thẻ SIM: 2 Nano SIM | Dung lượng pin: Si/C 7000 mAh Sạc nhanh 100W | Thiết kế: "
Điện thoại OnePlus Nord CE 5 (Dimensity 8350 Apex - Có sạc nhánh),7.650.000 ₫,7650000,,0,https://mobilecity.vn/dien-thoai/oneplus-nord-ce-5-pin-7k.html,https://cdn.mobilecity.vn/mobilecity-vn/images/2025/07/oneplus-nord-ce5-marble-mist.jpg.webp,OnePlus,2026-04-27 11:56:38,"Màn hình: Fluid AMOLED, 1 tỷ màu, 120Hz, HDR10+, 800 nits (typ), 1300 nits (HBM), 1430 nits (peak) 6.77 inches, Full HD+ (1080 x 2392 pixels) Mật độ điểm ảnh ~387 ppi Hỗ trợ hình ảnh Ultra HDR | Hệ điều hành: Android 15, OxygenOS 15 | Camera sau: 50 MP, f/1.8, 26mm (góc rộng), 1/1.95"", 0.8µm, PDAF, OIS 8 MP, f/2.2, 16mm, 112˚ (góc siêu rộng), 1/4.0"", 1.12µm Quay phim: 4K@30/60fps (HDR), 1080p@30/60/120/480fps, 720p@960fps, gyro-EIS, OIS | Camera trước: 16 MP, f/2.4, 23mm (góc rộng), 1/3.0"", 1.0µm Quay phim: 1080p@30/60fps, gyro-EIS | Bộ nhớ trong: 128-256GB, UFS 3.1 | Thẻ SIM: 2 SIM Nano | Dung lượng pin: 5200 mAh (Quốc tế) Si/C Li-Ion 7100 mAh (Ấn Độ) Sạc nhanh 80W Hỗ trợ sạc nhánh Bypass charging | Thiết kế: Khưng nhựa phẳng Mặt lưng phẳng Kháng nước, bụi IP65 Cảm biến vân tay quang học dưới màn hình"
Điện thoại OnePlus Nord CE 3 5G (Snapdragon 782G),7.750.000 ₫,7750000,,0,https://mobilecity.vn/dien-thoai/oneplus-nord-ce-3-snapdragon-782g.html,https://cdn.mobilecity.vn/mobilecity-vn/images/2023/07/oneplus-nord-ce3-xanh.jpg.webp,OnePlus,2026-04-27 11:56:38,"Màn hình: Fluid AMOLED, 1 tỷ màu, 120Hz, HDR10+ 6.7 inches, Full HD+ (1080 x 2412 pixels), tỷ lệ 20:9 | Hệ điều hành: Android 13, OxygenOS 13.1 | Camera sau: 50 MP, f/1.8, 24mm (góc rộng), multi-directional PDAF, OIS 8 MP, f/2.2, 112˚ (góc siêu rộng), 2 MP, f/2.4 (macro) Quay phim: 4K@30fps, 1080p@30/60/120fps, gyro-EIS | Camera trước: 16 MP, f/2.4, 24mm (góc rộng), HDR Quay phim: 1080p@30fps, gyro-EIS | Bộ nhớ trong: 128-256GB, UFS 3.1 | Thẻ SIM: 2 SIM, Nano SIM | Dung lượng pin: Li-Po 5000 mAh Sạc SuperVOOC 80W Sạc 1-61% pin trong 15 ph (QC) | Thiết kế: Khung nhựa, mặt lưng nhựa"
Điện thoại Nothing Phone (3a) Plus (Dimensity 7350 Pro),7.950.000 ₫,7950000,,0,https://mobilecity.vn/dien-thoai/nothing-phone-3a-plus.html,https://cdn.mobilecity.vn/mobilecity-vn/images/2024/12/nothing-phone-3a-plus-minh-hoa.jpg.webp,OnePlus,2026-04-27 11:56:38,"Màn hình: AMOLED, 1 tỷ màu, 120Hz, HDR10+ 6.7 inches, Full HD+ (1080 x 2412 pixels) Always-on display | Hệ điều hành: Android 15, Nothing OS | Camera sau: 50 MP (góc rộng), PDAF, OIS 50 MP (góc siêu rộng) Quay phim: 4K, 1080p | Camera trước: 50 MP (góc rộng) Quay phim: 4K, 1080p | Bộ nhớ trong: 128-256GB | Thẻ SIM:  | Dung lượng pin: 5000 mAh Sạc nhanh 50W | Thiết kế: "
Điện thoại Honor WIN RT (Snapdragon 8 Elite - Pin 10000mAh),12.950.000 ₫,12950000,,0,https://mobilecity.vn/dien-thoai/honor-win-rt-pin-10000mah.html,https://cdn.mobilecity.vn/mobilecity-vn/images/2025/12/honor-win-rt-pin-10000mah-111-1-den.jpg,Honor,2026-04-27 11:58:02,"Màn hình: AMOLED 185Hz, 4320Hz PWM, HDR Vivid, 1600 nits (HBM), 6000 nits (peak) 6.83 inches, 1.5K (1272 x 2800 pixels) | Hệ điều hành: Android 16, MagicOS 10 | Camera sau: 50 MP (góc rộng) 12 MP (góc siêu rộng) Quay phim: 4K, 1080p | Camera trước: 50 MP (góc rộng) Quay phim: 1080p | Bộ nhớ trong: 256GB-1TB, UFS 4.1 | Thẻ SIM: 2 Nano SIM | Dung lượng pin: Si/C Li-Ion 10.000 mAh Sạc nhanh có dây 100W Sạc nhanh không dây 80W Sạc ngược có dây 27W | Thiết kế: Khung nhôm phẳng Mặt lưng phẳng + Quạt tản nhiệt"
Điện thoại Honor WIN 5G (Snapdragon 8 Elite Gen 5 - Pin 10.000mAh),15.950.000 ₫,15950000,,0,https://mobilecity.vn/dien-thoai/honor-win-5g-pin-khung.html,https://cdn.mobilecity.vn/mobilecity-vn/images/2025/12/honor-win-xanh-mobilecity.jpg,Honor,2026-04-27 11:58:02,"Màn hình: AMOLED 185Hz, 4320Hz PWM, HDR Vivid, 1600 nits (HBM), 6000 nits (peak) 6.83 inches, 1.5K (2800x1272 pixels) | Hệ điều hành: Android 16, MagicOS 10 | Camera sau: 50 MP (góc rộng) 50 MP (tele) 12 MP (góc siêu rộng) Quay phim: 4K, 1080p | Camera trước: 50 MP (góc rộng) Quay phim: 4K | Bộ nhớ trong: 256GB-1TGB | Thẻ SIM: 2 Nano SIM | Dung lượng pin: Si/C Li-Ion 10.000 mAh Sạc nhanh 100W | Thiết kế: Khung kim loại phẳng Mặt lưng kính cong nhẹ Có quạt tản nhiệt Hỗ trợ kháng nước IP68/IP69"
Điện thoại Honor X5c Plus (Helio G81 - Pin 5200mAh),2.350.000 ₫,2350000,,0,https://mobilecity.vn/dien-thoai/honor-x5c-plus-gia-re.html,https://cdn.mobilecity.vn/mobilecity-vn/images/2025/10/honor-x5c-plus-xanh.jpg,Honor,2026-04-27 11:58:02,"Màn hình: TFT LCD, 90Hz 6.74 inches, HD+ (720 x 1600 pixels) Tỷ lệ 20:9, mật độ điểm ảnh ~260 ppi | Hệ điều hành: Android 15, MagicOS 9 | Camera sau: 50 MP, f/1.8 (góc rộng), PDAF Cảm biến phụ Quay phim: 1080p@30fps | Camera trước: 5 MP, f/2.2 (góc rộng) Quay phim: 1080p@30fps | Bộ nhớ trong: 128GB | Thẻ SIM: 2 SIM Nano | Dung lượng pin: Li-Po 5260 mAh Sạc nhanh 15W | Thiết kế: Khung nhựa phẳng Mặt lưng nhựa phẳng Cảm biến vân tay cạnh bên"
Điện thoại Honor Play 10C 5G (Dimensity 6300 - Pin 6000mAh),2.450.000 ₫,2450000,,0,https://mobilecity.vn/dien-thoai/honor-play-10c-5g.html,https://cdn.mobilecity.vn/mobilecity-vn/images/2025/08/honor-play-10c-xanh.jpg.webp,Honor,2026-04-27 11:58:02,"Màn hình: TFT LCD, 120Hz, 1010 nits (HBM) 6.61 inches, HD+ (720 x 1604 pixels) Tỷ lệ 20:9, mật độ điểm ảnh ~266 ppi | Hệ điều hành: Android 15, MagicOS 9.0 | Camera sau: 13 MP, f/1.8 (góc rộng) Zoom kỹ thuật số 10x Quay phim: 1080p@30fps | Camera trước: 5 MP, f/2.2 (góc rộng) Nhận dạng khuôn mặt Quay phim: 1080p@30fps | Bộ nhớ trong: 128-256GB | Thẻ SIM: 2 SIM Nano | Dung lượng pin: 6000 mAh Sạc nhanh 15W Sạc ngược 2.5W (dây) | Thiết kế: Khung nhựa phẳng Mặt lưng nhựa phẳng Màn hình đục lỗ phẳng Cảm biến vân tay cạnh bên Kháng nước, bụi IP64"
Điện thoại Honor X6c Chính hãng (Camera 50MP),3.950.000 ₫,3950000,,0,https://mobilecity.vn/dien-thoai/honor-x6c-chinh-hang.html,https://cdn.mobilecity.vn/mobilecity-vn/images/2025/07/honor-x6c-den.jpg.webp,Honor,2026-04-27 11:58:02,"Màn hình: TFT LCD, 120Hz, 1010 nits (peak) 6.61 inches, HD+ (720 x 1604 pixels) Tỷ lệ 20:9, mật độ điểm ảnh ~266 ppi | Hệ điều hành: Android 15, Magic OS 9 | Camera sau: 50 MP, f/1.8 (góc rộng), PDAF QVGA (depth) Quay phim: 1080p@30fps | Camera trước: 5 MP, f/2.2 (góc rộng) Quay phim: 1080p@30fps | Bộ nhớ trong: 128-256GB | Thẻ SIM: 2 SIM Nano | Dung lượng pin: Li-Po 5300 mAh Sạc nhanh 35W | Thiết kế: Khung nhựa phẳng Mặt lưng nhựa phẳng Kháng nước, bụi IP64 Chống rơi từ độ cao 1.5m Cảm biến vân tay cạnh bên"
Điện thoại Honor 400 Smart 5G (Snapdragon 6S Gen 3 - Pin 6500mAh),4.250.000 ₫,4250000,,0,https://mobilecity.vn/dien-thoai/honor-400-smart-5g.html,https://cdn.mobilecity.vn/mobilecity-vn/images/2025/08/honor-400-smart-den.jpg.webp,Honor,2026-04-27 11:58:02,"Màn hình: TFT LCD, 120Hz, 700 nits (peak) 6.77 inches, HD+ (720 x 1610 pixels) Tỷ lệ 20:9, mật độ điểm ảnh ~286 ppi Scratch-resistant glass | Hệ điều hành: Android 15, Magic OS 9 | Camera sau: 50 MP, f/1.8 (góc rộng), PDAF 2 MP, f/2.4 (độ sâu) Quay phim: 1080p@30fps | Camera trước: 5 MP, f/2.2 (góc rộng) Quay phim: 1080p@30fps | Bộ nhớ trong: 128GB | Thẻ SIM: 2 SIM Nano | Dung lượng pin: Li-Po 6500 mAh Sạc nhanh 35W | Thiết kế: Khung nhựa phẳng Mặt lưng nhựa phẳng Kháng nước, bụi IP64 Cảm biến vân tay cạnh bên"
Điện thoại Honor Play 70 Plus 5G (Snapdragon 6s Gen 3),4.450.000 ₫,4450000,4.490.000₫,4490000,https://mobilecity.vn/dien-thoai/honor-play-70-plus-5g.html,https://cdn.mobilecity.vn/mobilecity-vn/images/2025/08/honor-play-70-plus-xanh.jpg.webp,Honor,2026-04-27 11:58:02,"Màn hình: TFT LCD, 120Hz, 850 nits (HBM) 6.77 inches, HD+ (720 x 1610 pixels) Tỷ lệ 20:9, mật độ điểm ảnh ~261 ppi | Hệ điều hành: Android 15, MagicOS 9.0 | Camera sau: 50 MP, f/1.8 (góc rộng), PDAF Quay phim: 1080p | Camera trước: 5 MP, f/2.2 (góc rộng) Quay phim: 1080p | Bộ nhớ trong: 256-512GB | Thẻ SIM: 2 SIM Nano | Dung lượng pin: Li-Ion 7000mAh Sạc nhanh 45W | Thiết kế: Khung nhựa phẳng Mặt lưng nhựa phẳng Màn hình đục lỗ phẳng Kháng nước, bụi IP65 Cảm biến vân tay cạnh bên"
Điện thoại Honor X70 5G (Pin 8300mAh - Sạc không dây 80W),5.150.000 ₫,5150000,,0,https://mobilecity.vn/dien-thoai/honor-x70-5g.html,https://cdn.mobilecity.vn/mobilecity-vn/images/2025/07/honor-x70-nau.jpg.webp,Honor,2026-04-27 11:58:02,"Màn hình: AMOLED, 1 tỷ màu, 120Hz, 3840Hz PWM, HDR, 800 nits (typ), 1800 nits (HBM), 6000 nits (peak) 6.79 inches, 1.5K (1200 x 2640 pixels) Mật độ điểm ảnh ~427 ppi | Hệ điều hành: Android 15, Magic OS 9 | Camera sau: 50 MP, f/1.9 (góc rộng), PDAF, OIS Zoom kỹ thuật số 10x Quay phim: 4K@30fps, 1080p@30fps, gyro-EIS | Camera trước: 8 MP, f/2.0 (góc rộng) Quay phim: 1080p@30fps | Bộ nhớ trong: 128-512GB | Thẻ SIM: 2 SIM Nano | Dung lượng pin: Si/C Li-Ion 8300 mAh Sạc nhanh 80W Sạc ngược 5W (dây) Sạc không dây 80W (chỉ hỗ trợ ở bản 512GB) Sạc ngược không dây (chỉ hỗ trợ ở bản 512GB) | Thiết kế: Khung nhựa phẳng Mặt lưng nhựa giả kính/giả da phẳng Kháng nước, bụi IP68/IP69K Chống rơi ở độ cao tới 2.5m"
Điện thoại Honor X7d Chính hãng (Camera 108MP - Pin 6500mAh),5.450.000 ₫,5450000,,0,https://mobilecity.vn/dien-thoai/honor-x7d-chinh-hang.html,https://cdn.mobilecity.vn/mobilecity-vn/images/2025/08/honor-x7d-vang.jpg.webp,Honor,2026-04-27 11:58:02,"Màn hình: TFT LCD, 120Hz 6.77 inches, HD+ (720 x 1610 pixels) Tỷ lệ 20:9, mật độ điểm ảnh ~261 ppi | Hệ điều hành: Android 15, MagicOS 9 | Camera sau: 108 MP, f/1.8, 24mm (góc rộng), 1/1.67"", 0.64µm, PDAF 2 MP, f/2.4 (độ sâu) Quay phim: 1080p@30fps | Camera trước: 8 MP, f/2.0 (góc rộng) Quay phim: 1080p@30fps | Bộ nhớ trong: 128-256GB | Thẻ SIM: 2 SIM Nano | Dung lượng pin: Li-Po 6500 mAh Sạc nhanh 35W | Thiết kế: Khung nhựa phẳng Mặt lưng nhựa phẳng Kháng nước, bụi IP65 Cảm biến vân tay cạnh bên"
Điện thoại Honor X8d Chính hãng (Pin 7000 mAh),5.550.000 ₫,5550000,,0,https://mobilecity.vn/dien-thoai/honor-x8d-chinh-hang.html,https://cdn.mobilecity.vn/mobilecity-vn/images/2026/03/honor-x8d-chinh-hang-2.jpg,Honor,2026-04-27 11:58:02,"Màn hình: AMOLED, 120Hz, 1200 nits (HBM), 2800 nits (peak) 6.7 inches, Full HD+ (1080 x 2412 pixels) Tỷ lệ 20:9, mật độ điểm ảnh ~394 ppi | Hệ điều hành: Android 16, MagicOS 10 | Camera sau: 108 MP, f/1.8, 24mm (góc rộng), 1/1.67"", PDAF, OIS 5 MP, f/2.2 (góc siêu rộng) Quay phim: 1080p@30fps, gyro-EIS | Camera trước: 16 MP, f/2.1 (góc rộng) Quay phim: 1080p@30fps | Bộ nhớ trong: 128-512GB | Thẻ SIM: 2 SIM Nano | Dung lượng pin: Li-Po 5000 mAh Sạc nhanh 35W | Thiết kế: Khung nhựa phẳng Mặt lưng phẳng (nhựa/da tổng hợp) Kháng nước, bụi IP64 Chống rơi vỡ từ độ cao 1.8m Cảm biến vân tay quang học dưới màn hình"
Điện thoại Honor Power 5G (Pin 8000mAh - Snapdragon 7 Gen 3),6.050.000 ₫,6050000,7.050.000₫,7050000,https://mobilecity.vn/dien-thoai/honor-power-5g-pin-khung.html,https://cdn.mobilecity.vn/mobilecity-vn/images/2025/04/honor-power-5g-den.jpg.webp,Honor,2026-04-27 11:58:02,"Màn hình: AMOLED, 1 tỷ màu, 120Hz, HDR, 4000 nits (peak) 6.78 inches, 1.5K (1224 x 2700 pixels) Mật độ điểm ảnh ~437 ppi | Hệ điều hành: Android 15, MagicOS 9 | Camera sau: 50 MP, f/2.0 (góc rộng), 1/1.56"", 1.0µm, PDAF, OIS 5 MP (góc siêu rộng) Quay phim: 4K@30fps, 1080p@30fps, gyro-EIS | Camera trước: 16 MP, f/2.5 (góc rộng) Quay phim: 1080p@30fps | Bộ nhớ trong: 256-512GB | Thẻ SIM: 2 SIM Nano | Dung lượng pin: Si/C Li-Ion 8000 mAh Sạc nhanh 66W Sạc ngược 5W (dây) | Thiết kế: khung nhựa bo cong Mặt lưng nhựa bo cong Màn hình cong nhẹ"
Điện thoại Honor X9c 5G Chính hãng (Camera 108MP - Pin 6600mAh),7.990.000 ₫,7990000,,0,https://mobilecity.vn/dien-thoai/honor-x9c-5g-chinh-hang.html,https://cdn.mobilecity.vn/mobilecity-vn/images/2025/01/honor-x9c-5g-mobilecity-den-titan.jpg.webp,Honor,2026-04-27 11:58:02,"Màn hình: AMOLED, 1 tỷ màu, 120Hz, 4000 nits (peak) 6.78 inhes, 1.5K (1224 x 2700 Pixels) Mật độ điểm ảnh ~437 ppi | Hệ điều hành: Android 14, Magic OS 8 | Camera sau: 108 MP, f/1.8 (góc rộng), 1/1.67"", PDAF, OIS 5 MP, f/2.2 (góc siêu rộng) Quay phim: 4K@30fps, 1080p@30fps | Camera trước: 16 MP, f/2.5 (góc rộng) Quay phim: 1080p@30fps | Bộ nhớ trong: 256-512GB | Thẻ SIM: 2 SIM Nano | Dung lượng pin: Si/C 6600 mAh Sạc nhanh 66W | Thiết kế: Khung nhựa cong Mặt lưng nhựa cong; Màn hình cong Kháng nước, bụi IP65M (có thể rơi 2m không sao) Cảm biến vân tay dưới màn hình"
Điện thoại Honor GT2 5G (Snapdragon 8 Elite - Pin 9000mAh),8.950.000 ₫,8950000,,0,https://mobilecity.vn/dien-thoai/honor-gt2-5g.html,https://cdn.mobilecity.vn/mobilecity-vn/images/2025/07/honor-gt2-minh-hoa.jpg.webp,Honor,2026-04-27 11:58:02,"Màn hình: LTPO AMOLED, 1 tỷ màu, 120Hz 6.7 inches, 1.5K (1200 x 2664 pixels) Tỷ lệ 20:9, mật độ điểm ảnh ~435 ppi (dự kiến) | Hệ điều hành: Android 16, MagicOS 10 | Camera sau: 50 MP (góc rộng), PDAF, OIS 12 MP ( góc siêu rộng) Quay phim: 4K, 1080p | Camera trước: 50 MP (góc rộng) Quay phim: 1080p | Bộ nhớ trong: 256GB-1TB, UFS 4.1 | Thẻ SIM: 2 SIM Nano | Dung lượng pin: Si/C Li-Ion 9000 mAh Sạc nhanh 100W | Thiết kế: "
Điện thoại Honor 400 5G (Snapdragon 7 Gen 4),9.050.000 ₫,9050000,,0,https://mobilecity.vn/dien-thoai/honor-400-5g-selfie-50mp.html,https://cdn.mobilecity.vn/mobilecity-vn/images/2025/05/honor-400-xanh.jpg.webp,Honor,2026-04-27 11:58:02,"Màn hình: AMOLED, 1 tỷ màu, 120Hz, HDR, 5000 nits (peak) 6.55 inches, 1.5K (1264 x 2736 pixels) Mật độ điểm ảnh ~460 ppi | Hệ điều hành: Android 15, MagicOS 9 | Camera sau: 200 MP, f/1.9, (góc rộng), 1/1.4"", PDAF, OIS 12 MP, f/2.2, 112˚ (góc siêu rộng), AF Quay phim: 4K, 1080p, gyro-EIS, OIS | Camera trước: 50 MP, f/2.0 (góc rộng), HDR Quay phim: 4K, 1080p, gyro-EIS | Bộ nhớ trong: 256-512GB | Thẻ SIM: 2 SIM Nano | Dung lượng pin: Si/C 7200 mAh Sạc nhanh 80W Sạc ngược 5W (dây) | Thiết kế: Khung viền nhôm phẳng Mặt lưng kính phẳng Kháng nước, bụi IP68 và IP69"
Điện thoại Honor X9d 5G Chính hãng (Pin 8300mAh),9.350.000 ₫,9350000,,0,https://mobilecity.vn/dien-thoai/honor-x9d-5g-chinh-hang.html,https://cdn.mobilecity.vn/mobilecity-vn/images/2025/09/honor-x9d-nau-do.jpg.webp,Honor,2026-04-27 11:58:02,"Màn hình: AMOLED, 1 tỷ màu, 120Hz, 3840Hz PWM, HDR, 800 nits (typ), 1800 nits (HBM), 6000 nits (peak) 6.79 inches, 1.5K (1200 x 2640 pixels) Mật độ điểm ảnh ~427 ppi Kính cường lực Aluminosilicate | Hệ điều hành: Android 15, Magic OS 9 | Camera sau: 108 MP, f/1.8 (góc rộng), PDAF, OIS 5 MP, f/2.2 (góc siêu rộng) Quay phim: 4K@30fps, 1080p@30fps, gyro-EIS | Camera trước: 16 MP, f/2.5 (góc rộng) Quay phim: 1080p@30fps | Bộ nhớ trong: 256-512GB | Thẻ SIM: 2 SIM Nano | Dung lượng pin: Si/C Li-Ion 8300 mAh Sạc nhanh 66W Sạc ngược 7.5W (dây) | Thiết kế: Khung nhựa phẳng Mặt lưng nhựa giả kính/giả da phẳng Kháng nước, bụi IP68/IP69K Chống rơi ở độ cao tới 2.5m Vân tay quang học dưới màn hình"
Điện thoại Honor 500 5G (Snapdragon 8s Gen 4 - Pin 8000mAh),10.050.000 ₫,10050000,10.950.000₫,10950000,https://mobilecity.vn/dien-thoai/honor-500-5g-pin-8000mah.html,https://cdn.mobilecity.vn/mobilecity-vn/images/2025/11/honor-500-5g-hong.jpg,Honor,2026-04-27 11:58:02,"Màn hình: AMOLED, 1 tỷ màu, 120Hz, 3840Hz PWM, HDR Vivid, 6000 nits (peak) 6.55 inches, 1.5K (1264 x 2736 pixels) Tỷ lệ 19.5:9, mật độ điểm ảnh ~460 ppi | Hệ điều hành: Android 16, MagicOS 10 | Camera sau: 200 MP, f/1.9, (góc rộng), 1/1.4"", 0.56µm, PDAF, OIS 12 MP, f/2.2, 117˚ (góc siêu rộng), AF Quay phim: 4K, 1080p, gyro-EIS, OIS | Camera trước: 50 MP, f/2.0 (góc rộng), HDR Quay phim: 4K, 1080p, gyro-EIS | Bộ nhớ trong: 256-512GB | Thẻ SIM: 2 SIM Nano | Dung lượng pin: Si/C Li-Ion 8000 mAh Sạc nhanh 80W Sạc ngược 5W (dây) | Thiết kế: Khung nhôm phẳng Cảm biến vân tay quang học dưới màn hình Kháng nước, bụi IP68/IP69K"
Điện thoại Honor Power 2 (Pin 10.080mAh),10.150.000 ₫,10150000,,0,https://mobilecity.vn/dien-thoai/honor-power-2-pin-khung.html,https://cdn.mobilecity.vn/mobilecity-vn/images/2026/01/honor-power-2-pin-khung-00-3.jpg,Honor,2026-04-27 11:58:02,"Màn hình: AMOLED, 1 tỷ màu, 120Hz, HDR, 8000 nits (peak) 6.79 inches, 1.5K (1200 x 2640 pixels) | Hệ điều hành: Android 16, MagicOS 10 | Camera sau: 50 MP (góc rộng), PDAF, OIS 5 MP (góc siêu rộng) Quay phim: 4K, 1080p | Camera trước: 16 MP (góc rộng) Quay phim: 1080p | Bộ nhớ trong: 256-512GB | Thẻ SIM: 2 SIM Nano | Dung lượng pin: Si/C Li-Ion 10.080 mAh Sạc nhanh 80W | Thiết kế: khung kim loại phẳng Mặt lưng kính phẳng Màn hình phẳng"
Điện thoại Honor 200 5G Chính hãng (Snapdragon 7 Gen 3),10.950.000 ₫,10950000,12.990.000₫,12990000,https://mobilecity.vn/dien-thoai/honor-200-5g-chinh-hang.html,https://cdn.mobilecity.vn/mobilecity-vn/images/2024/09/honor-200-5g-chinh-hang-den.jpg.webp,Honor,2026-04-27 11:58:02,"Màn hình: AMOLED, 1 tỷ màu, 120Hz, HDR, 4000 nits (peak) 6.7 inches, 1.5K (1200 x 2664 pixels) Tỷ lệ 20:9, Mật độ điểm ảnh ~436 ppi Kính bảo vệ: Kính cường lực Honor | Hệ điều hành: Android 14, MagicOS 8 | Camera sau: 50 MP, f/2.0 (góc rộng), 1/1.56"", 1.0µm, PDAF, OIS 50 MP, f/2.4 (tele), PDAF, OIS, zoom quang 2.5x 12 MP, f/2.2, 112˚ (góc siêu rộng), AF Quay phim: 4K@30fps, 1080p@30/60fps, gyro-EIS, OIS | Camera trước: 50 MP, f/2.1 (góc rộng), HDR Quay phim: 4K@30fps, 1080p@30fps, gyro-EIS | Bộ nhớ trong: 256-512GB | Thẻ SIM: 2 SIM, Nano SIM | Dung lượng pin: Si/C 5200 mAh (Tiết kiệm pin) Sạc siêu nhanh 100W (SuperCharge), 57% pin trong 15 phút Tặng kèm bộ sạc 100W | Thiết kế: Khung nhựa phẳng, bóng bẩy Mặt lưng kính cong nhẹ Màn hình cong tràn 4 cạnh, 4 góc bằng kính cường lực Honor Mở khoá khuôn mặt; cảm biến vân tay dưới màn hình"
Điện thoại Honor 400 5G Chính hãng (Snapdragon 7 Gen 3 - Pin 6000mAh),10.950.000 ₫,10950000,13.990.000₫,13990000,https://mobilecity.vn/dien-thoai/honor-400-5g-chinh-hang.html,https://cdn.mobilecity.vn/mobilecity-vn/images/2025/06/honor-400-5g-chinh-hang-vang.jpg.webp,Honor,2026-04-27 11:58:02,"Màn hình: AMOLED, 1 tỷ màu, 120Hz, 3840Hz PWM, HDR, 5000 nits (peak) 6.55 inches, 1.5K (1264 x 2736 pixels) Tỷ lệ 19.5:9, mật độ điểm ảnh ~460 ppi Kính cường lực AGC DT-Star2 Plus | Hệ điều hành: Android 15, MagicOS 9 Hỗ trợ cập nhật 6 bản Android chính | Camera sau: 200 MP, f/1.9 (góc rộng), 1/1.4"", PDAF, OIS 12 MP, f/2.2, 112˚ (góc siêu rộng), AF Quay phim: 4K, 1080p, gyro-EIS, OIS | Camera trước: 50 MP, f/2.0 (góc rộng), HDR Quay phim: 4K, 1080p, gyro-EIS | Bộ nhớ trong: 256-512GB | Thẻ SIM: 2 SIM Nano | Dung lượng pin: Si/C Li-Ion 6000 mAh Sạc nhanh 80W Sạc kèm theo máy 100 W | Thiết kế: Khung viền phẳng Mặt lưng kính phẳng Cảm biến vân tay dưới màn hình Tiêu chuẩn độ bền Quân đội - SGS Thụy Sĩ Kháng nước, bụi IP66"
Điện thoại Honor 300 Pro (Snapdragon 8 Gen 3 - Sạc 100W),11.950.000 ₫,11950000,,0,https://mobilecity.vn/dien-thoai/honor-300-pro-sac-100w.html,https://cdn.mobilecity.vn/mobilecity-vn/images/2024/12/honor-300-pro-xanh.jpg.webp,Honor,2026-04-27 11:58:02,"Màn hình: AMOLED, 1 tỷ màu, 120Hz, HDR, 1200 nits (HBM), 4000 nits (peak) 6.78 inches, 1.5K (1224 x 2700 pixels) Tỷ lệ 19.9:9, mật độ điểm ảnh ~437 ppi | Hệ điều hành: Android 15, MagicOS 9 | Camera sau: 50 MP, f/2.0 (góc rộng), 1/1.56"", 1.0µm, PDAF, OIS 50 MP, f/2.4 (tele), PDAF, OIS, zoom quang 3x 12 MP, f/2.2, 112˚ (góc siêu rộng), AF Quay phim: 4K, 1080p, gyro-EIS, OIS | Camera trước: 50 MP, f/2.1 (góc rộng) 2 MP, f/2.4 (depth) Quay phim: 4K, 1080p, gyro-EIS | Bộ nhớ trong: 256-512GB | Thẻ SIM: 2 SIM Nano | Dung lượng pin: Si/C 5300 mAh Sạc nhanh 100W Sạc không dây 80W Sạc ngược 5W (dây) + không dây | Thiết kế: Khung nhựa bo cong Mặt lưng kính bo cong Màn hình cong Kháng nước, bụi IP65"
Điện thoại Nubia Red Magic 9 Pro 5G (Snapdragon 8 Gen 3),13.000.000 ₫,13000000,15.950.000₫,15950000,https://mobilecity.vn/dien-thoai/zte-nubia-red-magic-9-pro-5g.html,https://cdn.mobilecity.vn/mobilecity-vn/images/2023/11/zte-nubia-red-magic-9-pro-trong.jpg.webp,Nubia Red Magic,2026-04-27 11:59:37,"Màn hình: AMOLED, 1 tỷ màu, 120Hz, 1600 nits (tối đa) 6.8 inches, Full HD+ (1116 x 2480 pixels) Tỷ lệ 20:9, mật độ điểm ảnh ~400 ppi | Hệ điều hành: Android 14, Redmagic OS 9.0 | Camera sau: 50 MP (góc rộng), PDAF, OIS 50 MP (góc siêu rộng) 2 MP, f/2.4 (macro) Quay phim: 8K@30fps, 4K@30/60fps, 1080p@30/60/120/240fps | Camera trước: 16 MP, f/2.0, (góc rộng), ẩn dưới màn hình HDR Quay phim: 1080p@30/60fps | Bộ nhớ trong: 256-512GB, UFS 4.0 | Thẻ SIM: 2 SIM, Nano SIM | Dung lượng pin: Li-Po 6500 mAh Sạc nhanh 80W, PD3.0 | Thiết kế: Vuông vức, khung nhôm hàng không Phím hỗ trợ chơi game cảm ứng 520Hz Quạt làm mát tích hợp"
Điện thoại Nubia V70 Design Chính hãng,2.750.000 ₫,2750000,3.050.000₫,3050000,https://mobilecity.vn/dien-thoai/nubia-v70-design.html,https://cdn.mobilecity.vn/mobilecity-vn/images/2025/12/nubia-v70-design-xanh-la.jpg,Nubia Red Magic,2026-04-27 11:59:37,"Màn hình: IPS LCD, 120Hz 6.7 inches, HD+ (720 x 1612 pixels) Tỷ lệ 20:9, mật độ điểm ảnh ~264 ppi | Hệ điều hành: Android 14 | Camera sau: 50 MP, f/1.8 (góc rộng), PDAF x MP (ống kính phụ) Quay phim: 1080p@30fps | Camera trước: 5 MP, f/2.4 (góc rộng) Quay phim: 720p@30fps | Bộ nhớ trong: 256GB, eMMC 5.1 | Thẻ SIM: 2 SIM Nano | Dung lượng pin: 5000 mAh | Thiết kế: Khung nhựa, mặt lưng kính Cảm biến vân tay cạnh bên"
Điện thoại ZTE Nubia Neo 3 Chính hãng (Gaming Phone siêu rẻ),3.790.000 ₫,3790000,3.990.000₫,3990000,https://mobilecity.vn/dien-thoai/zte-nubia-neo-3-gaming-phone-sieu-re.html,https://cdn.mobilecity.vn/mobilecity-vn/images/2025/06/nubia-neo-3-4g-chinh-hang-vang.jpg.webp,Nubia Red Magic,2026-04-27 11:59:37,"Màn hình: IPS LCD, 120Hz, 530 nits (thường), 1000 nits (peak) 6.8 inches, 900 x 2030 pixels Tỷ lệ 20:9; mật độ điểm ảnh ~326 ppi | Hệ điều hành: Android 15 | Camera sau: 50 MP, f/1.8 (góc rộng), PDAF 2 MP, f/2.4 (độ sâu) Quay phim: 1080p@30fps | Camera trước: 16MP (góc rộng) Quay phim: 1080p@30fps | Bộ nhớ trong: 128GB | Thẻ SIM: 2 SIM Nano | Dung lượng pin: 6000 mAh Sạc nhanh 33W Hỗ trợ sạc nhánh | Thiết kế: Khung nhựa phẳng Mặt lưng nhựa phẳng, họa tiết gaming phone Vân tay cạnh bên Kháng nước, bụi IP54 Có phím trigger cảm ứng"
Điện thoại ZTE Nubia A36 Chính hãng,1.590.000 ₫,1590000,,0,https://mobilecity.vn/dien-thoai/zte-nubia-a36-chinh-hang.html,https://cdn.mobilecity.vn/mobilecity-vn/images/2026/02/zte-blade-a36-chinh-hang-0-1.jpg,Nubia Red Magic,2026-04-27 11:59:37,"Màn hình: LCD 6.75 inches HD+, 720 x 1600 pixel | Hệ điều hành: Android 14 | Camera sau: 13 MP | Camera trước: 5 MP | Bộ nhớ trong: 64GB | Thẻ SIM: 2 SIM nano | Dung lượng pin: 5000mAh Sạc 10W | Thiết kế: Thanh Khung, mặt lưng nhựa phẳng"
Điện thoại ZTE Nubia A56,1.680.000 ₫,1680000,,0,https://mobilecity.vn/dien-thoai/zte-nubia-a56-t7200.html,https://cdn.mobilecity.vn/mobilecity-vn/images/2026/01/zte-nubia-a56-00-1.jpg,Nubia Red Magic,2026-04-27 11:59:37,"Màn hình: IPS LCD, 120Hz 6.75 inches, HD+ (720 x 1600 pixel) Tỷ lệ 20:9, mật độ điểm ảnh ~264 ppi | Hệ điều hành: Android 14 | Camera sau: 13 MP (góc rộng) Quay phim: 1080p@30fps | Camera trước: 5 MP | Bộ nhớ trong: 64-128GB | Thẻ SIM: 2 SIM Nano | Dung lượng pin: 5.000mAh | Thiết kế: Khung nhựa phẳng Mặt lưng nhựa phẳng"
Điện thoại ZTE Blade A35 Chính hãng,1.850.000 ₫,1850000,,0,https://mobilecity.vn/dien-thoai/zte-blade-a35-chinh-hang.html,https://cdn.mobilecity.vn/mobilecity-vn/images/2026/01/zte-blade-a35-chinh-hang-0-2.jpg,Nubia Red Magic,2026-04-27 11:59:37,"Màn hình: LCD 6.75 inches HD+, 720 x 1600 pixel | Hệ điều hành: Android 14 | Camera sau: 8 MP | Camera trước: 5 MP | Bộ nhớ trong: 64GB | Thẻ SIM: 2 SIM nano | Dung lượng pin: 5000mAh Sạc 10W | Thiết kế: Thanh Khung, mặt lưng nhựa phẳng"
Điện thoại ZTE Nubia Music 2 (Unisoc T7200),2.150.000 ₫,2150000,,0,https://mobilecity.vn/dien-thoai/zte-nubia-music-2-unisoc-t7200.html,https://cdn.mobilecity.vn/mobilecity-vn/images/2025/01/zte-nubia-music-2-nhieu-mau.jpg.webp,Nubia Red Magic,2026-04-27 11:59:37,"Màn hình: IPS LCD, 120Hz 6.7 inches, HD+ (720 x 1612 pixels) Tỷ lệ 20:9, mật độ điểm ảnh ~264 ppi | Hệ điều hành: Android 14 | Camera sau: 50 MP, f/1.8 (góc rộng), PDAF x MP (ống kính phụ) Quay phim: 1080p@30fps | Camera trước: 5 MP, f/2.4 (góc rộng) Quay phim: 720p@30fps | Bộ nhớ trong: 128GB, eMMC 5.1 | Thẻ SIM: 2 SIM Nano | Dung lượng pin: 5000 mAh Sạc cơ bản 10W | Thiết kế: Khung nhựa, mặt lưng nhựa 3 loa ngoài stereo Đèn thông báo LED (ở mặt sau) Cảm biến vân tay cạnh bên"
Điện thoại ZTE Nubia V80 Max Chính hãng,3.190.000 ₫,3190000,,0,https://mobilecity.vn/dien-thoai/zte-nubia-v80-max-chinh-hang.html,https://cdn.mobilecity.vn/mobilecity-vn/images/2026/03/zte-nubia-v80-max-0-10.jpg,Nubia Red Magic,2026-04-27 11:59:37,"Màn hình: LCD 6.9 inches HD+, 720 x 1640 pixel | Hệ điều hành: MyOS, Android 16 | Camera sau: 50 MP, f/1.8, (wide), PDAF | Camera trước: 16 MP | Bộ nhớ trong: 128-256GB | Thẻ SIM: 2 SIM nano | Dung lượng pin: 6000 mAh Sạc 22.5W Bypass Charging | Thiết kế: Thanh Khung, mặt lưng nhựa phẳng"
Điện thoại ZTE Axon A41 5G (Snapdragon 870),3.550.000 ₫,3550000,,0,https://mobilecity.vn/dien-thoai/zte-axon-a41-5g-snapdragon-870.html,https://cdn.mobilecity.vn/mobilecity-vn/images/2024/07/zte-axon-a41-5g-anh-dai-dien.jpg.webp,Nubia Red Magic,2026-04-27 11:59:37,"Màn hình: OLED, 1 tỷ màu, 90Hz 6.67 inches, Full HD+ (1080 x 2400 pixels) Tỷ lệ 20:9, mật độ điểm ảnh ~395 ppi | Hệ điều hành: Android 11, MyOS 11.5 Có thể được lên Android 14 | Camera sau: 64 MP (góc rộng) 8 MP (góc siêu rộng) 5 MP (macro) Quay phim: Có | Camera trước: 44 MP (góc rộng) Hoặc 32 MP (góc rộng) Quay phim: Có | Bộ nhớ trong: 128-256GB | Thẻ SIM: 2 SIM, Nano SIM | Dung lượng pin: 5000 mAh Sạc nhanh 66W | Thiết kế: Khung viền nhựa bo cong Mặt lưng giả da cong về 2 cạnh bên Màn hình đục lỗ phẳng"
Điện thoại ZTE Nubia Neo 2 5G (Gaming Phone Chính hãng rẻ nhất),4.050.000 ₫,4050000,5.490.000₫,5490000,https://mobilecity.vn/dien-thoai/zte-nubia-neo-2-5g-unisoc-t820.html,https://cdn.mobilecity.vn/mobilecity-vn/images/2024/04/zte-nubia-neo-2-5g-bac.jpg.webp,Nubia Red Magic,2026-04-27 11:59:37,"Màn hình: IPS LCD, 120Hz 6.72 inches, Full HD+ (1080 x 2400 pixels) Tỷ lệ 20:9; mật độ điểm ảnh ~392 ppi | Hệ điều hành: Android 14 | Camera sau: 50 MP, f/1.8 (góc rộng), PDAF 2 MP, f/2.4 (độ sâu) Quay phim: 1080p@30fps | Camera trước: 16MP (góc rộng) Quay phim: 1080p@30fps | Bộ nhớ trong: 256GB, UFS 3.1 | Thẻ SIM: 2 SIM, Nano SIM | Dung lượng pin: 6000 mAh Sạc nhanh 33W | Thiết kế: Khung nhựa vuông vức Họa tiết mặt lưng đậm chất gaming Tích hợp phím trigger cảm ứng Màn hình phẳng"
Điện thoại ZTE Nubia Focus 2 5G (Camera 108MP OIS),4.950.000 ₫,4950000,,0,https://mobilecity.vn/dien-thoai/zte-nubia-focus-2-5g.html,https://cdn.mobilecity.vn/mobilecity-vn/images/2024/12/zte-nubia-focus-5g-1.jpg.webp,Nubia Red Magic,2026-04-27 11:59:37,"Màn hình: IPS LCD, 120Hz 6.72 inches, Full HD+ (1080 x 2412 pixels) | Hệ điều hành: Android 15 | Camera sau: 108 MP (góc rộng), PDAF, OIS 5 MP (góc siêu rộng) 2 MP (macro) Quay phim: 4K@30fps, 1080p@30fps | Camera trước: 32 MP (góc rộng) Quay phim: 1080p@30fps | Bộ nhớ trong: 256-512GB, UFS 3.1 | Thẻ SIM: 2 SIM Nano | Dung lượng pin: 5000 mAh Sạc nhanh 33W | Thiết kế: "
Điện thoại ZTE Nubia Neo 3 5G Chính hãng,4.950.000 ₫,4950000,4.990.000₫,4990000,https://mobilecity.vn/dien-thoai/zte-nubia-neo-3-5g-chinh-hang.html,https://cdn.mobilecity.vn/mobilecity-vn/images/2025/06/nubia-neo-3-5g-chinh-hang-vang.jpg.webp,Nubia Red Magic,2026-04-27 11:59:37,"Màn hình: IPS LCD, 120Hz, 530 nits (thường), 1000 nits (peak) 6.8 inches, 900 x 2030 pixels Tỷ lệ 20:9; mật độ điểm ảnh ~326 ppi | Hệ điều hành: Android 15 | Camera sau: 50 MP, f/1.8 (góc rộng), PDAF 2 MP, f/2.4 (độ sâu) Quay phim: 1080p@30fps | Camera trước: 16MP (góc rộng) Quay phim: 1080p@30fps | Bộ nhớ trong: 256GB | Thẻ SIM: 2 SIM Nano | Dung lượng pin: 6000 mAh Sạc nhanh 33W Hỗ trợ sạc nhánh | Thiết kế: Khung nhựa phẳng Mặt lưng nhựa phẳng, họa tiết gaming phone Vân tay cạnh bên Kháng nước, bụi IP54 Có phím trigger cảm ứng"
Điện thoại ZTE Nubia Air (Siêu mỏng 5.9 mm - Pin 5000mAh),5.450.000 ₫,5450000,7.790.000₫,7790000,https://mobilecity.vn/dien-thoai/zte-nubia-air.html,https://cdn.mobilecity.vn/mobilecity-vn/images/2025/09/zte-nubia-air-den.jpg.webp,Nubia Red Magic,2026-04-27 11:59:37,"Màn hình: AMOLED, 120Hz, 4500 nits (peak) 6.78 inches, 1.5K (1224 x 2720 pixels) Tỷ lệ 20:9, mật độ điểm ảnh ~440 ppi Corning Gorilla Glass 7i | Hệ điều hành: Android 15 | Camera sau: 50 MP, f/1.6 (góc rộng), PDAF 2 MP (độ sâu) Cảm biến phụ Quay phim: 1080p@30fps | Camera trước: 20 MP (góc rộng) Quay phim: Có | Bộ nhớ trong: 256GB | Thẻ SIM: 2 SIM Nano | Dung lượng pin: 5000 mAh Sạc nhanh 33W | Thiết kế: Khung viền nhựa phẳng Mặt lưng cong nhẹ Kháng nước, bụi IP68/IP69K Cảm biến vân tay dưới màn hình"
Điện thoại ZTE Nubia Neo 3 GT 5G (Gaming Phone giá rẻ - Pin 6000mAh),6.450.000 ₫,6450000,,0,https://mobilecity.vn/dien-thoai/zte-nubia-neo-3-gt-5g.html,https://cdn.mobilecity.vn/mobilecity-vn/images/2025/03/zte-nubia-neo-3-gt-5g-vang.jpg.webp,Nubia Red Magic,2026-04-27 11:59:37,"Màn hình: AMOLED, 120Hz, 1300 nits (peak) 6.8 inches, Full HD+ (1080 x 2392 pixels) Mật độ điểm ảnh ~386 ppi | Hệ điều hành: Android 15 | Camera sau: 50 MP (góc rộng), PDAF 2 MP (depth) Quay phim: 1080p | Camera trước: 16 MP Quay phim: 1080p@30fps | Bộ nhớ trong: 256GB | Thẻ SIM: 2 SIM Nano | Dung lượng pin: 6000 mAh Hoặc 5000 mAh (tùy theo thị trường/khu vực) Sạc nhanh 80W Bypass Charging (sạc nhánh) | Thiết kế: Gaming phone Tích hợp trigger cảm ứng LED RGB ở mặt lưng Cảm biến vâng tay dưới màn hình"
"Điện thoại Nubia Red Magic 7 (Snapdragon 8 Gen 1, Màn AMOLED 165Hz)",8.450.000 ₫,8450000,9.950.000₫,9950000,https://mobilecity.vn/zte/nubia-red-magic-7.html,https://cdn.mobilecity.vn/mobilecity-vn/images/2022/02/nubia-red-magic-7-trong-suot.jpg.webp,Nubia Red Magic,2026-04-27 11:59:37,"Màn hình: AMOLED, 1 tỷ màu, 165Hz, tỷ lệ 20:9 6.8 inches, Full HD+ (1080 x 2400 pixels) Corning Gorilla Glass 5 | Hệ điều hành: Android 12, Redmagic 5.0 | Camera sau: 64 MP, f/1.8, 26mm (góc rộng), PDAF 8 MP, f/2.0, 120˚, 13mm (góc siêu rộng) 2 MP, f/2.4 (macro) Quay phim: 8K@30fps, 4K@30/60fps, 1080p@30/60/120/240fps | Camera trước: 8 MP, f/2.0, (góc rộng) Quay phim: 1080p@30fps | Bộ nhớ trong: 128-512GB UFS 3.1 | Thẻ SIM: 2 SIM, Nano SIM | Dung lượng pin: Li-Po 4500 mAh Sạc nhanh 65W - 120W, 100% trong 17 phút (quảng cáo) - Trung Quốc Sạc nhanh 65W - Quốc tế | Thiết kế: Khung kim loại + 2 mặt kính"
Điện thoại ZTE Nubia Z50 (Snapdragon 8 Gen 2 - Màn 144Hz),9.650.000 ₫,9650000,11.950.000₫,11950000,https://mobilecity.vn/dien-thoai/zte-nubia-z50-man-hinh-144Hz.html,https://cdn.mobilecity.vn/mobilecity-vn/images/2022/12/zte-nubia-z50-man-hinh-144hz-xanh.png.webp,Nubia Red Magic,2026-04-27 11:59:37,"Màn hình: AMOLED, 1 tỷ màu, 144Hz, HDR10+, 1000 nits 6.67 inches, Full HD+ (1080 x 2400 pixels), tỷ lệ 20:9 | Hệ điều hành: Android 13, MyOS 13 | Camera sau: 64 MP, f/1.6, 35mm (tiêu chuẩn), PDAF, OIS 50 MP, f/2.2, 14mm, 116˚ (góc siêu rộng), AF Quay phim: 8K, 4K | Camera trước: 16 MP (góc rộng) Quay phim: 1080p@30fps | Bộ nhớ trong: 128GB - UFS 3.1 256GB-1TB - UFS 4.0 | Thẻ SIM: 2 SIM, Nano SIM | Dung lượng pin: Li-Po 5000 mAh Sạc nhanh 80W | Thiết kế: Khung kim loại + Mặt lưng kính (hoặc da) Màn hình cong"
Điện thoại ZTE Nubia Red Magic 10 Air (Pin 6000mAh - Mỏng 7.85mm),10.150.000 ₫,10150000,12.350.000₫,12350000,https://mobilecity.vn/dien-thoai/zte-nubia-red-magic-10-air.html,https://cdn.mobilecity.vn/mobilecity-vn/images/2025/04/red-magic-10-air-cam.jpg.webp,Nubia Red Magic,2026-04-27 11:59:37,"Màn hình: AMOLED, 1 tỷ màu, 120Hz, 1600 nits (peak) 6.8 inches, 1.5K (1116 x 2480 pixels) Tỷ lệ 20:9, mật độ điểm ảnh ~400 ppi | Hệ điều hành: Android 15, Redmagic OS 10 | Camera sau: 50 MP, f/1.9 (góc rộng), 1/1.5"", 1.0µm, PDAF, OIS 50 MP, f/2.2 (góc siêu rộng), 1/2.88"", 0.61µm Quay phim: Có | Camera trước: 16 MP, f/2.0 (góc rộng) ẩn dưới màn hình Quay phim: 1080p@30/60fps | Bộ nhớ trong: 256-512GB, UFS 4.0 | Thẻ SIM: 2 SIM Nano | Dung lượng pin: 6000mAh Sạc nhanh 80W Sạc 100% pin trong 52 phút | Thiết kế: Vuông vức, màn hình ful view 100% Khung nhôm hàng không, mặt lưng kính Trigger cảm ứng (nhạy 520Hz) Kháng nước, bụi IP54"
Điện thoại ZTE Nubia Flip 2 (Dimensity 7300X),10.450.000 ₫,10450000,,0,https://mobilecity.vn/dien-thoai/zte-nubia-flip-2-dimensity-7300x.html,https://cdn.mobilecity.vn/mobilecity-vn/images/2025/01/zte-nubia-flip-2-xanh.jpg.webp,Nubia Red Magic,2026-04-27 11:59:37,"Màn hình: Màn chính: Foldable OLED, 1 tỷ màu, 120Hz 6.9 inches, Full HD+ (1188 x 2790 pixels) Tỷ lệ 21:9, mật độ điểm ảnh ~439 ppi Màn phụ: OLED, 3 inches, 422 x 682 pixels | Hệ điều hành: Android 14 | Camera sau: 50 MP (góc rộng), PDAF 2 MP (depth) Quay phim: 4K, 1080p | Camera trước: 32 MP (góc rộng) Quay phim: 1080p | Bộ nhớ trong: 128-512GB | Thẻ SIM: Nano SIM + eSIM Hoặc 2 SIM Nano | Dung lượng pin: 4300 mAh Sạc nhanh 33W (PD3.0, PPS, QC4+) | Thiết kế: Điện thoại gập kiểu vỏ sò Khung hợp kim nhôm, mặt kính Cảm biến vân tay cạnh bên"
Điện thoại ZTE Nubia Z60S Pro 5G (Snapdragon 8 Gen 2),10.500.000 ₫,10500000,,0,https://mobilecity.vn/dien-thoai/zte-nubia-z60s-pro-5g-cau-hinh-manh.html,https://cdn.mobilecity.vn/mobilecity-vn/images/2024/07/nubia-z60s-pro-trang.jpg.webp,Nubia Red Magic,2026-04-27 11:59:37,"Màn hình: AMOLED, 1 tỷ màu, 120Hz, 1200 nits (tối đa) 6.8 inches, 1.5K (1260 x 2800 pixels) Tỷ lệ 20:9, mật độ điểm ảnh ~452 | Hệ điều hành: Android 14, MyOS 14.5 | Camera sau: 50 MP, f/1.6, 35mm (tiêu chuẩn), PDAF, OIS 8 MP, f/2.4, 80mm (tele), PDAF, OIS 50 MP, f/2.0, 13mm, 125˚ (góc siêu rộng), AF Quay phim: 8K@30fps, 4K@30/60/120fps, 1080p, gyro-EIS, 10-bit | Camera trước: 16 MP, f/2.5, 26mm (góc rộng) Quay phim: 1080p@30fps | Bộ nhớ trong: 256GB-1TB, UFS 4.0 | Thẻ SIM: 2 SIM, Nano SIM | Dung lượng pin: Li-Po 5100 mAh Sạc nhanh 80W | Thiết kế: Khung nhôm vuông vức"
Điện thoại Nubia Red Magic 7 Pro (Snapdragon 8 Gen 1),11.450.000 ₫,11450000,12.450.000₫,12450000,https://mobilecity.vn/zte/nubia-red-magic-7-pro.html,https://cdn.mobilecity.vn/mobilecity-vn/images/2022/02/nubia-red-magic-7-pro-trong-suot.jpg.webp,Nubia Red Magic,2026-04-27 11:59:37,"Màn hình: AMOLED, 1 tỷ màu, 120Hz, 600 nits (typ) 6.8 inches, FullHD+ (1080 x 2400 pixels), tỷ lệ 20:9 Corning Gorilla Glass 5 | Hệ điều hành: Android 12, Redmagic 5.0 | Camera sau: 64 MP, f/1.8 (góc rộng), PDAF 8 MP, f/2.0 (góc siêu rộng), 2 MP, (macro) Quay phim: 8K@30fps, 4K@30/60fps, 1080p@30/60/120/240fps | Camera trước: 16 MP (ẩn dưới màn hình) Quay phim: 1080p@30fps | Bộ nhớ trong: 128GB - 1TB UFS 3.1 | Thẻ SIM: 2 SIM | Dung lượng pin: Li-Po 5000 mAh Sạc nhanh 135W, 100% trong 15 phút (quảng cáo) Power Delivery 3.0 | Thiết kế: Gaming Phone"
Điện thoại Masstel S9 Chính hãng (Màn hình 120Hz - NFC),2.850.000 ₫,2850000,2.999.000₫,2999000,https://mobilecity.vn/dien-thoai/masstel-s9-man-hinh-120hz.html,https://cdn.mobilecity.vn/mobilecity-vn/images/2025/04/masstel-s9-vang.jpg.webp,Meizu,2026-04-27 12:01:05,"Màn hình: IPS LCD, 120Hz, 480 nits 6.67 inches, HD+ (720 x 1600 pixels) Tỷ lệ 20:9, mật độ điểm ảnh ~263 ppi | Hệ điều hành: Android 14 | Camera sau: 50 MP (góc rộng) 2 MP (phụ) Cảm biến CIF Quay phim: 1080p@30fps | Camera trước: 8 MP Quay phim: Có | Bộ nhớ trong: 256GB | Thẻ SIM: 2 SIM Nano | Dung lượng pin: Li-Po 5000 mAh Sạc nhanh 18W Sạc tặng kèm 22.5W | Thiết kế: Khung nhựa phẳng Mặt lưng nhựa phẳng Cảm biến vân tay cạnh bên"
Điện thoại Meizu 21 Note 5G,9.150.000 ₫,9150000,9.990.000₫,9990000,https://mobilecity.vn/dien-thoai/meizu-21-note-5g.html,https://cdn.mobilecity.vn/mobilecity-vn/images/2024/05/meizu-21-note-den.jpg.webp,Meizu,2026-04-27 12:01:05,"Màn hình: LTPO OLED, 1 tỷ màu, 144Hz, 800 nits (typ), 1600 nits (HBM), 5000 nits (tối đa) 6.78 inches, 1.5K (1264 x 2780 pixels) Tỷ lệ 20:9, Mật độ điểm ảnh ~450 ppi | Hệ điều hành: Android 14, Flyme OS | Camera sau: 50 MP, f/1.7, 24mm (góc rộng), PDAF, OIS 13 MP, f/2.4, 16mm, 122˚ (góc siêu rộng) Quay phim: 8K, 4K, 1080p; gyro-EIS | Camera trước: 16 MP, f/2.5 (góc rộng), HDR Quay phim: có | Bộ nhớ trong: 256-512GB, UFS | Thẻ SIM: 2 SIM, Nano SIM | Dung lượng pin: 5500mAh Sạc nhanh 65W, PD3 PPS, QC4+ | Thiết kế: Khung kim loại vuông vức Hai mặt lưng nhựa giả kính Kháng nước, bụi IP65"
Điện thoại Meizu 20 Classic 5G (RAM 16GB),10.450.000 ₫,10450000,,0,https://mobilecity.vn/dien-thoai/meizu-20-classic-ram-16gb.html,https://cdn.mobilecity.vn/mobilecity-vn/images/2023/10/meizu-20-classic-xam.jpg.webp,Meizu,2026-04-27 12:01:05,"Màn hình: OLED, 1 tỷ màu, 144Hz, 500 nits (typ), 800 nits (HBM) 6.55 inches, Full HD+ (1080 x 2400 pixels) Tỷ lệ 20:9, mật độ điểm ảnh ~402 ppi | Hệ điều hành: Android 13, Flyme 10 | Camera sau: 50 MP, f/1.9, 24mm (góc rộng), PDAF, OIS 16 MP, f/2.4, 16mm, 122˚ (góc siêu rộng) 5 MP, f/2.4 Quay phim: 8K, 4K, 1080p; gyro-EIS | Camera trước: 32 MP, f/2.2 (góc rộng), HDR Quay phim: Có | Bộ nhớ trong: 256-512GB, UFS 4.0 | Thẻ SIM: 2 SIM, Nano SIM | Dung lượng pin: Li-Po 4700 mAh Sạc nhanh 67W PD3 PPS, QC4+ | Thiết kế: Khung kim loại vuông vức Mặt lưng kính phẳng Kháng nước, bụi IP54"
Điện thoại Meizu 21 5G (Snapdragon 8 Gen 3),11.750.000 ₫,11750000,,0,https://mobilecity.vn/dien-thoai/meizu-21-thiet-ke-sieu-dep.html,https://cdn.mobilecity.vn/mobilecity-vn/images/2023/11/meizu-21-tim.jpg.webp,Meizu,2026-04-27 12:01:05,"Màn hình: AMOLED, 120Hz, HDR10+, 600 nits (typ), 1100 nits (HBM), 1800 nits (tối đa) 6.55 inches, Full HD+ (1080 x 2340 pixels) Tỷ lệ 19.5:9, mật độ điểm ảnh ~393 ppi | Hệ điều hành: Android 13, Flyme 10.5 | Camera sau: 200 MP, f/1.7, 22mm (góc rộng), PDAF, OIS 13 MP, f/2.4, 15mm, 122˚ (góc siêu rộng/macro) 5 MP, f/2.4, 27mm (tele) Quay phim: 8K, 4K, 1080p; gyro-EIS | Camera trước: 32 MP, f/2.4 (góc rộng), HDR Thuật toán trang điểm và làm đẹp cảnh thật Chụp ảnh selfie ngược sáng HDR Cảnh siêu đêm phía trước Mở khóa nhận dạng khuôn mặt Quay phim: Có | Bộ nhớ trong: 256-512GB, UFS 4.0 | Thẻ SIM: 2 SIM, Nano SIM | Dung lượng pin: Li-Po 4800 mAh Sạc nhanh Super mCharge 80W PD3 PPS, QC4+, | Thiết kế: Vuông vức, sang trọng Kháng nước, bụi IP54"
Điện thoại Meizu 22 5G (Snapdragon 8s Gen 4),Liên hệ,0,,0,https://mobilecity.vn/dien-thoai/meizu-22-5g-snapdragon-8s-gen-4.html,https://cdn.mobilecity.vn/mobilecity-vn/images/2025/07/meizu-22-ro-ri-01.jpg.webp,Meizu,2026-04-27 12:01:05,"Màn hình: AMOLED, 1 tỷ màu, 120Hz 6.3 inches, 1.5K | Hệ điều hành: Flyme AIOS 2 | Camera sau: 50 MP (góc rộng), PDAF, OIS 10 MP (tele), PDAF, OIS, 3x optical zoom 13 MP (góc siêu rộng) Quay phim: 8K, 4K, 1080p; gyro-EIS | Camera trước: 32 MP (góc rộng) Quay phim: 4K, 1080p | Bộ nhớ trong: 256GB-1TB, UFS 4.0 | Thẻ SIM: 2 SIM Nano | Dung lượng pin: 5000 mAh Sạc nhanh 80W | Thiết kế: Khung kim loại phẳng Mặt lưng kính phẳng"
Điện thoại Meizu Lucky 08 (Snapdragon 7s Gen 2),3.250.000 ₫,3250000,6.490.000₫,6490000,https://mobilecity.vn/dien-thoai/meizu-lucky-08-snapdragon-7s-gen-2.html,https://cdn.mobilecity.vn/mobilecity-vn/images/2025/06/meizu-lucky-08-chinh-hang-trang.jpg.webp,Meizu,2026-04-27 12:01:05,"Màn hình: LTPO AMOLED, 1 tỷ màu, 144Hz (1-120Hz thích ứng), HDR, 800 nits (typ), 5000 nits (peak) 6.78 inches, 1.5K (1264 x 2780 pixels) Mật độ điểm ảnh ~450 ppi | Hệ điều hành: Flyme AIOS | Camera sau: 108 MP, f/1.7, 24mm (wide), 1/1.67"", 0.64µm, PDAF 2 MP, f/2.4, 22mm (phụ) Quay phim: Có | Camera trước: 8 MP, f/2.0, 35mm, HDR, AI làm đẹp Quay phim: Có | Bộ nhớ trong: 256-512GB | Thẻ SIM: 2 SIM Nano | Dung lượng pin: 6000 mAh Sạc nhanh 33W (Việt Nam) | Thiết kế: Khung nhựa phẳng Mặt lưng nhựa phẳng Cảm biến vân tay dưới màn hình"
Điện thoại Meizu Pro 7 (2 Màn Hình cực đẹp),3.250.000 ₫,3250000,3.950.000₫,3950000,https://mobilecity.vn/meizu/meizu-pro-7-1.html,https://cdn.mobilecity.vn/mobilecity-vn/images/2018/01/meizu-pro-7-2.jpg,Meizu,2026-04-27 12:01:05,Màn hình: Full HD | Hệ điều hành: Android 7.0 (Nougat) | Camera sau: 12 MP | Camera trước: 16 MP | Bộ nhớ trong: 64/128 GB | Thẻ SIM: 2 sim | Dung lượng pin: 3000 mAh | Thiết kế: Thanh + Cảm ứng
Điện thoại Meizu Pro 7 Plus (Nhập Khẩu Chính Hãng),4.450.000 ₫,4450000,6.950.000₫,6950000,https://mobilecity.vn/meizu/meizu-pro-7-plus.html,https://cdn.mobilecity.vn/mobilecity-vn/images/2018/01/meizu-pro-7-plus-3.jpg.webp,Meizu,2026-04-27 12:01:05,Màn hình: Full HD | Hệ điều hành: Android 7.0 (Nougat) | Camera sau: 12 MP | Camera trước: 16 MP | Bộ nhớ trong: 64/128 GB | Thẻ SIM: 2 sim | Dung lượng pin: 3500 mAh | Thiết kế: Thanh + Cảm ứng
Điện thoại Meizu 20 5G (Snapdragon 8 Gen 2),10.250.000 ₫,10250000,,0,https://mobilecity.vn/dien-thoai/meizu-20-snapdragon-8-gen-2.html,https://cdn.mobilecity.vn/mobilecity-vn/images/2023/04/meizu-20-hong.jpg.webp,Meizu,2026-04-27 12:01:05,"Màn hình: OLED, 1 tỷ màu, 144Hz, 500 nits (typ), 800 nits (HBM) 6.55 inches, Full HD+ (1080 x 2400 pixels), tỷ lệ 20:9 | Hệ điều hành: Android 13, Flyme 10 | Camera sau: 50 MP, f/1.9, 24mm (góc rộng), dual pixel PDAF, OIS 5 MP f/2.4 (Độ sâu) 16 MP, f/2.4, 16mm, 122˚ (góc siêu rộng) Quay phim: 8K, 4K, 1080p; gyro-EIS | Camera trước: 32 MP, f/2.5 (góc rộng), HDR Quay phim: Có | Bộ nhớ trong: 256-512GB, UFS 4.0 128GB, UFS 3.1 | Thẻ SIM: 2 SIM, Nano SIM | Dung lượng pin: Li-Po 4700 mAh Sạc nhanh 67W, PD3 PPS, QC4+ | Thiết kế: Khung kim loại Hai mặt kính, vuông vức Kháng nước, bụi IP54"
Điện thoại Meizu 20 Pro 5G (Snapdragon 8 Gen 2 - Sạc không dây 50W),13.650.000 ₫,13650000,,0,https://mobilecity.vn/dien-thoai/meizu-20-pro-sac-khong-day-50w.html,https://cdn.mobilecity.vn/mobilecity-vn/images/2023/04/meizu-20-pro-vang.jpg.webp,Meizu,2026-04-27 12:01:05,"Màn hình: LTPO OLED, 120Hz, HDR10+, 500 nits (typ), 1800 nits (tối đa) 6.81 inches, QHD+ (1440 x 3200 pixels), tỷ lệ 20:9 | Hệ điều hành: Android 13, Flyme 10 | Camera sau: 50 MP, f/1.9 (góc rộng), PDAF, OIS 50 MP f/2.4 (tele) PDAF 50 MP, f/2.2, 129˚ (góc siêu rộng) Quay phim: 8K, 4K, 1080p; gyro-EIS | Camera trước: 32 MP, f/2.5, (góc rộng), HDR Quay phim: Có | Bộ nhớ trong: 128-256GB UFS 4.0 - 512GB | Thẻ SIM: 2SIM, NanoSIM | Dung lượng pin: Li-Po 5.000 mAh Sạc nhanh 80W, PD3 PPS, QC4+ Sạc không dây 50W | Thiết kế: Khung kim loại Hai mặt kính Kháng nước, bụi IP54"
Điện thoại Meizu 21 Pro 5G (Flyme AI - Snapdragon 8 Gen 3),17.150.000 ₫,17150000,,0,https://mobilecity.vn/dien-thoai/meizu-21-pro-5g.html,https://cdn.mobilecity.vn/mobilecity-vn/images/2024/02/meizu-21-pro-xanh-duong.jpg.webp,Meizu,2026-04-27 12:01:05,"Màn hình: LTPO AMOLED, 1 tỷ màu, 120Hz, HDR10+, 600 nits (typ), 1250 nits (HBM) 6.79 inches, 2K+ (1368 x 3192 pixels) Tỷ lệ 21:9, mật độ điểm ảnh ~512 ppi Meizu Titan Glass 2.0 | Hệ điều hành: Android 14, Flyme | Camera sau: 50 MP, f/1.9, 24mm (góc rộng), PDAF, OIS 10 MP, f/2.0, 72mm (tele tiềm vọng), PDAF, OIS, zoom quang 3x 13 MP, f/2.4, 15mm, 122˚ (góc siêu rộng) Quay phim: 8K, 4K, 1080p; gyro-EIS | Camera trước: 32 MP, f/2.4 (góc rộng), HDR Quay phim: Có | Bộ nhớ trong: 256GB-1TB, UFS 4.0 | Thẻ SIM: 2 SIM, Nano SIM | Dung lượng pin: 5050 mAh Sạc nhanh 80W, Dual Super mCharge PD3 PPS, QC4+ Sạc không dây 50W Sạc ngược không dây 10W | Thiết kế: Vuông vức, khung kim loại Mặt lưng kính/da Kính trước Meizu Titan 2.0 Cảm biến vân tay sieu âm rộng mTouch (tốc độ 0,08 giây, diện tích 20×30mm2) Kháng nước, bụi IP68"
